file,peak,plato,Ra,Rm+Ra,Rm,tau,Cm,Ih,Cell,Stimulation_Type,VC
2020_02_13_0000,-337.6319275,-42.69101334,29.61805204,234.241336,204.623284,0.308941841,1.509807853,150.2105408,1,control,-10
2020_02_13_0000,-337.9321594,-37.43323135,29.59173823,267.1423128,237.5505746,0.337508887,1.4207875,121.2714691,1,control,-10
2020_02_13_0000,-334.2667542,-40.65335083,29.91622671,245.9821834,216.0659567,0.365314752,1.690755719,106.8414459,1,control,-10
2020_02_13_0000,-322.5341492,-33.38394165,31.00446891,299.5452156,268.5407467,0.317153513,1.181025663,100.4554443,1,control,-10
2020_02_13_0000,-325.8511658,-29.47973251,30.68885752,339.2161037,308.5272461,0.322646081,1.045762037,99.50927734,1,control,-10
2020_02_13_0000,-320.9894714,-30.11119652,31.15366979,332.1023791,300.9487093,0.332927316,1.106259327,90.50647736,1,control,-10
2020_02_13_0000,-326.1824036,-30.26491737,30.65769303,330.4155725,299.7578794,0.343033224,1.144367664,87.8026886,1,control,-10
2020_02_13_0000,-309.3432922,-21.51678658,32.32654546,464.7534131,432.4268676,0.387819052,0.896843098,78.87238312,1,control,-10
2020_02_13_0000,-317.0970764,-36.25908661,31.53608388,275.7929373,244.2568534,0.350610852,1.435418689,67.83554077,1,control,-10
2020_02_13_0000,-311.3063354,-36.82743454,32.12269993,271.5366988,239.4139989,0.343214959,1.433562618,71.40598297,1,control,-10
2020_02_13_0001,-307.6237488,-26.91766357,32.50724315,371.5032686,338.9960254,0.386726141,1.140798452,63.86855698,1,control,-10
2020_02_13_0001,-305.400116,-42.19713974,32.74392994,236.982887,204.2389571,0.345232457,1.690335976,67.20227814,1,monochromator,-10
2020_02_13_0001,-311.1176147,-47.49095917,32.14218523,210.5663936,178.4242084,0.327215433,1.833918369,60.80304718,1,monochromator,-10
2020_02_13_0001,-311.9952087,-38.07676697,32.05177426,262.6273394,230.5755651,0.371931851,1.613058395,58.05560684,1,monochromator,-10
2020_02_13_0001,-317.9436646,-45.21635437,31.4521128,221.1589178,189.706805,0.364700109,1.922440836,63.6639595,1,monochromator,-10
2020_02_13_0001,-317.0693665,-38.78451157,31.53883994,257.834883,226.296043,0.353331655,1.561369128,66.03831482,1,monochromator,-10
2020_02_13_0001,-311.4673157,-27.56777,32.10609748,362.7424343,330.6363368,0.32184875,0.973422199,60.67237854,1,monochromator,-10
2020_02_13_0001,-312.6649475,-38.2364769,31.98311829,261.5303713,229.547253,0.306379795,1.334713402,67.92954254,1,monochromator,-10
2020_02_13_0001,-316.3798218,-38.34563828,31.60757833,260.7858534,229.178275,0.326706648,1.425556798,68.88890839,1,monochromator,-10
2020_02_13_0001,-311.539917,-39.39121246,32.09861547,253.8637268,221.7651113,0.330247253,1.489175872,69.75888062,1,monochromator,-10
2020_02_13_0001,-309.1216125,-37.98895645,32.34972773,263.2343958,230.8846681,0.352989942,1.528858303,67.82122803,1,monochromator,-10
2020_02_13_0001,-306.1226196,-37.32084274,32.66664846,267.9467897,235.2801412,0.345219404,1.467269621,68.57083893,1,monochromator,-10
2020_02_13_0001,-304.5917969,-42.8575325,32.83082507,233.331212,200.5003869,0.400578737,1.997895084,72.67481232,1,monochromator,-10
2020_02_13_0003,-270.7242126,-49.24453354,36.93795949,203.0682247,166.1302652,0.292945564,1.76334856,111.0423431,1,control,-10
2020_02_13_0003,-256.1565552,-46.813797,39.03862618,213.6122392,174.573613,0.311447084,1.784044442,113.8338699,1,control,-10
2020_02_13_0003,-255.5238037,-39.01004791,39.1352972,256.3442122,217.208915,0.307739943,1.416792415,97.18120575,1,control,-10
2020_02_13_0003,-243.0891418,-39.85768127,41.13717266,250.8926681,209.7554955,0.354525954,1.690186723,110.9098587,1,control,-10
2020_02_13_0003,-252.447876,-38.3339653,39.6121376,260.8652646,221.253127,0.324809313,1.468043943,97.36668396,1,control,-10
2020_02_13_0003,-251.2377777,-42.49496841,39.80293128,235.3219775,195.5190462,0.316632807,1.619447381,101.8955841,1,control,-10
2020_02_13_0003,-247.2153625,-44.16829681,40.45056058,226.4067379,185.9561773,0.264623612,1.42304287,99.04348755,1,control,-10
2020_02_13_0003,-250.8680267,-41.15644836,39.86159628,242.9752906,203.1136943,0.306025714,1.506671989,96.49515533,1,control,-10
2020_02_13_0003,-246.1002197,-36.61719131,40.63385238,273.0957684,232.4619161,0.316022843,1.359460717,103.7190704,1,control,-10
2020_02_13_0003,-251.7903442,-47.82905197,39.71558175,209.0779471,169.3623654,0.288209289,1.701731602,110.6874847,1,control,-10
2020_02_13_0003,-254.4640961,-45.67453003,39.2982749,218.9404027,179.6421278,0.315822423,1.75806436,103.5326538,1,control,-10
2020_02_13_0003,-247.6818237,-40.20646667,40.37437972,248.7162098,208.3418301,0.321320802,1.542276949,110.6713943,1,control,-10
2020_02_13_0005,-291.1447144,-39.49679947,34.34718031,253.1850716,218.8378913,0.366599113,1.675208579,90.9633255,1,control,-10
2020_02_13_0005,-288.794342,-35.51677704,34.62671716,281.557079,246.9303619,0.361879945,1.465514172,87.85600281,1,control,-10
2020_02_13_0005,-290.4920349,-39.41783905,34.42435178,253.6922429,219.2678911,0.37084648,1.691294052,90.7201004,1,control,-10
2020_02_13_0005,-292.2412415,-35.03911591,34.21830523,285.3953287,251.1770234,0.368869394,1.468563442,93.59694672,1,control,-10
2020_02_13_0005,-287.8001404,-36.29869843,34.74633468,275.4919717,240.745637,0.342482448,1.422590465,92.59487915,1,control,-10
2020_02_13_0005,-291.5038757,-38.86718369,34.30486121,257.2864574,222.9815962,0.364837766,1.636178823,96.96208191,1,control,-10
2020_02_13_0005,-293.1888733,-39.94182587,34.10770637,250.3641179,216.2564115,0.374879956,1.733497535,82.4238739,1,control,-10
2020_02_13_0005,-287.2723389,-37.18081284,34.81017365,268.9559275,234.1457538,0.367801368,1.570822286,92.62676239,1,control,-10
2020_02_13_0005,-283.9679871,-33.33323669,35.21523712,300.0008698,264.7856326,0.332312167,1.255023407,84.94999695,1,control,-10
2020_02_13_0005,-285.638855,-36.19430161,35.00924271,276.2865854,241.2773427,0.315041482,1.305723442,94.35578918,1,control,-10
2020_02_13_0006,-277.8588257,-34.81277466,35.98949926,287.2508755,251.2613763,0.373449624,1.486299363,81.56977081,1,control,-10
2020_02_13_0006,-280.1724548,-39.03477478,35.69230246,256.1818291,220.4895266,0.447571456,2.029898941,102.4380875,1,monochromator,-10
2020_02_13_0006,-278.8416443,-41.51664352,35.86264894,240.8672559,205.004607,0.407516003,1.987838267,100.8631516,1,monochromator,-10
2020_02_13_0006,-280.0566406,-37.66979218,35.70706261,265.4646979,229.7576353,0.368566781,1.60415466,99.63674927,1,monochromator,-10
2020_02_13_0006,-284.1768188,-38.09122467,35.18935866,262.5276579,227.3382993,0.387847453,1.706036575,104.9776077,1,monochromator,-10
2020_02_13_0006,-279.2814636,-31.73508263,35.80617156,315.1086801,279.3025086,0.35337621,1.265209581,93.73458862,1,monochromator,-10
2020_02_13_0006,-282.2345276,-41.36133575,35.43152599,241.7716889,206.3401629,0.374723583,1.816047725,102.7911835,1,monochromator,-10
2020_02_13_0006,-279.4794006,-35.5259552,35.78081239,281.4843385,245.7035261,0.382496029,1.556738054,88.19522095,1,monochromator,-10
2020_02_13_0006,-284.1676941,-37.98443604,35.1904886,263.2657226,228.075234,0.479662418,2.103088573,86.78000641,1,monochromator,-10
2020_02_13_0006,-279.2518005,-34.21193314,35.80997501,292.2956724,256.4856974,0.398972094,1.555533498,94.92562866,1,monochromator,-10
2020_02_13_0006,-288.8542786,-36.22164154,34.61953221,276.0780455,241.4585133,0.420432359,1.741219861,98.79080963,1,monochromator,-10
2020_02_13_0006,-283.7284546,-32.87805939,35.24496693,304.1542045,268.9092376,0.392653078,1.46016954,100.3788681,1,monochromator,-10
2020_02_13_0006,-281.4781494,-37.49623108,35.52673634,266.6934706,231.1667342,0.365401208,1.580682487,98.37269592,1,monochromator,-10
2020_02_13_0006,-289.175415,-34.08103943,34.58108636,293.4182809,258.8371945,0.359516799,1.388968846,89.59047699,1,monochromator,-10
2020_02_13_0009,-439.552887,-11.11842823,22.7503909,899.4077034,876.6573125,0.183271453,0.20905712,-19.18732071,2,control,-70
2020_02_13_0009,-418.1673279,-11.28905201,23.91387211,885.8139719,861.9000998,0.194016635,0.225103391,-20.18713379,2,control,-70
2020_02_13_0009,-405.1794434,-10.74514866,24.68042287,930.6525501,905.9721272,0.199387074,0.220080803,-23.53147316,2,control,-70
2020_02_13_0009,-395.1987305,-10.52289295,25.30372501,950.3090116,925.0052866,0.203345373,0.21983158,-22.64791679,2,control,-70
2020_02_13_0009,-385.4621582,-9.57539463,25.94288385,1044.343381,1018.400497,0.205504537,0.201791473,-23.22920418,2,control,-70
2020_02_13_0009,-381.5472107,-11.02433777,26.20907641,907.0839637,880.8748873,0.213137686,0.241961361,-23.11585236,2,control,-70
2020_02_13_0009,-375.8883667,-26.21798897,26.60364322,381.4175074,354.8138641,0.210887074,0.594359736,-23.03737831,2,control,-70
2020_02_13_0009,-370.2750854,-12.88194942,27.00694806,776.2800233,749.2730753,0.206058383,0.27501106,-21.69266701,2,control,-70
2020_02_13_0009,-353.5233459,-11.61879063,28.28667502,860.6747743,832.3880993,0.232904434,0.279802696,-19.64556885,2,control,-70
2020_02_13_0009,-346.6719055,-9.603491783,28.84571793,1041.287922,1012.442204,0.222302064,0.219570128,-18.44036674,2,control,-70
2020_02_13_0009,-345.778656,-9.446258545,28.92023503,1058.620188,1029.699953,0.226018146,0.219499035,-16.15978241,2,control,-70
2020_02_13_0009,-337.1640015,-9.24007225,29.65915684,1082.24262,1052.583463,0.233110294,0.221464902,-16.22953796,2,control,-70
2020_02_13_0009,-332.8004456,-10.48459721,30.04803669,953.7800836,923.7320469,0.239521638,0.259297746,-16.07646561,2,control,-70
2020_02_13_0013,-251.5055084,-9.318033218,39.76056056,1073.187846,1033.427286,0.4061535,0.393016041,-13.75325394,2,control,-70
2020_02_13_0013,-250.5085907,-9.358722687,39.9187907,1068.521884,1028.603094,0.42495352,0.413136537,-13.28531837,2,control,-70
2020_02_13_0013,-249.7812653,-9.782336235,40.03502821,1022.250693,982.2156653,0.430567473,0.438363476,-13.76851273,2,control,-70
2020_02_13_0013,-248.4283142,-10.29532242,40.25306065,971.3148937,931.061833,0.427432269,0.459080432,-13.90075588,2,control,-70
2020_02_13_0013,-245.4325104,-9.409585953,40.74439847,1062.746018,1022.001619,0.396383762,0.387850425,-13.84480667,2,control,-70
2020_02_13_0013,-247.0855408,-8.81303978,40.4718138,1134.682272,1094.210458,0.426854312,0.390102571,-13.65661526,2,control,-70
2020_02_13_0013,-247.014328,-9.369622231,40.48348159,1067.278889,1026.795407,0.439038426,0.427581213,-13.23954201,2,control,-70
2020_02_13_0013,-246.1089783,-9.46698761,40.6324063,1056.302217,1015.669811,0.442398697,0.435573345,-14.75524807,2,control,-70
2020_02_13_0013,-244.2931824,-9.839737892,40.9344211,1016.287233,975.3528123,0.441432297,0.452587301,-14.12963772,2,control,-70
2020_02_13_0013,-246.2157898,-9.966168404,40.61477945,1003.394644,962.7798648,0.440462202,0.457490043,-13.30566311,2,control,-70
2020_02_13_0013,-244.0287018,-9.749638557,40.97878621,1025.679049,984.7002624,0.4300524,0.43673432,-13.90584183,2,control,-70
2020_02_13_0013,-243.8506775,-10.83591938,41.00870296,922.8566261,881.8479231,0.403551549,0.457620343,-14.45007229,2,control,-70
2020_02_13_0013,-242.1772919,-10.33964539,41.29206303,967.1511572,925.8590942,0.449073941,0.485034865,-14.41446877,2,control,-70
2020_02_13_0013,-240.0156403,-10.18342495,41.66395152,981.987892,940.3239405,0.421730071,0.448494453,-19.87202835,2,control,-70
2020_02_13_0014,-239.8035278,-9.393727303,41.70080436,1064.540164,1022.839359,0.586472273,0.573376716,-15.10752678,2,control,-70
2020_02_13_0014,-239.8358154,-9.15110302,41.69519045,1092.764444,1051.069253,0.591339529,0.56260758,-15.97794151,2,control,-70
2020_02_13_0014,-238.1160889,-10.96358204,41.99632225,912.1106555,870.1143332,0.576621771,0.662696555,-15.93548203,2,control,-70
2020_02_13_0014,-236.7302246,-10.73081398,42.24217679,931.8957554,889.6535786,0.507910073,0.570907694,-14.83419514,2,control,-70
2020_02_13_0014,-234.3031769,-9.892243385,42.67974567,1010.893041,968.2132955,0.587285101,0.60656583,-14.02481651,2,control,-70
2020_02_13_0014,-233.1865845,-9.834241867,42.88411369,1016.855202,973.9710883,0.532597721,0.54683114,-19.4887886,2,control,-70
2020_02_13_0014,-231.5135193,-6.713487625,43.1940218,1489.538755,1446.344733,0.568318248,0.392934156,-16.38395691,2,control,-70
2020_02_13_0014,-233.8005371,-9.084759712,42.7715014,1100.744578,1057.973077,0.543801725,0.514003368,-15.18979168,2,control,-70
2020_02_13_0014,-235.5059357,-9.678051949,42.46177478,1033.265791,990.804016,0.559335351,0.56452673,-14.73600864,2,control,-70
2020_02_13_0014,-235.0822754,-8.693529129,42.53829849,1150.280841,1107.742543,0.547811806,0.494529898,-20.78644943,2,control,-70
2020_02_13_0014,-231.2550201,-11.69714069,43.24230451,854.909782,811.6674775,0.557335556,0.686655029,-19.45694351,2,control,-70
2020_02_13_0014,-230.0881653,-10.70844746,43.46160085,933.8421877,890.3805869,0.541167319,0.607793259,-19.57370758,2,control,-70
2020_02_13_0015,-229.5235596,-10.48293304,43.56851218,953.9314959,910.3629837,0.59803611,0.656920504,-18.64536667,2,control,-70
2020_02_13_0015,-229.1329346,-11.02818108,43.64278762,906.767846,863.1250584,0.571940005,0.662638628,-18.30356979,2,monochromator,-70
2020_02_13_0015,-227.947113,-10.3597002,43.86982518,965.2788984,921.4090733,0.571995556,0.620783508,-19.36732483,2,monochromator,-70
2020_02_13_0015,-228.819046,-11.3362627,43.70265576,882.124935,838.4222792,0.543957949,0.648787565,-19.59402657,2,monochromator,-70
2020_02_13_0015,-228.9759979,-12.69647408,43.67269972,787.6202433,743.9475436,0.618403494,0.8312461,-19.92536163,2,monochromator,-70
2020_02_13_0015,-227.6018219,-10.93866158,43.9363794,914.1886264,870.252247,0.597344577,0.686403947,-21.29952431,2,monochromator,-70
2020_02_13_0015,-229.8095551,-11.37927818,43.51429164,878.7903626,835.2760709,0.587191999,0.702991525,-17.62695122,2,monochromator,-70
2020_02_13_0015,-229.5410004,-11.05259323,43.56520179,904.7650439,861.1998421,0.596126139,0.69220419,-21.31347466,2,monochromator,-70
2020_02_13_0015,-226.266037,-14.34035301,44.19576236,697.3329033,653.1371409,0.60318923,0.923526151,-26.66364288,2,monochromator,-70
2020_02_13_0015,-227.0402985,-11.20837975,44.04504428,892.1896141,848.1445698,0.599170029,0.706447993,-19.05343056,2,monochromator,-70
2020_02_13_0015,-226.8484802,-12.43489552,44.08228783,804.1885022,760.1062144,0.575698674,0.757392405,-18.63490295,2,monochromator,-70
2020_02_13_0015,-222.6039276,-11.23046875,44.9228372,890.4347826,845.5119454,0.643856764,0.761499311,-19.09528351,2,monochromator,-70
2020_02_13_0015,-222.753891,-8.950659752,44.89259404,1117.236078,1072.343484,0.611714423,0.570446346,-21.26464653,2,monochromator,-70
2020_02_13_0015,-224.2187347,-11.97916603,44.59930617,834.782653,790.1833468,0.574380696,0.726895471,-19.18945122,2,monochromator,-70
2020_02_13_0015,-222.0912323,-10.64220619,45.0265411,939.6547877,894.6282466,0.626956761,0.700801437,-19.85211945,2,monochromator,-70
2020_02_13_0016,-221.7051086,-11.00667286,45.10495974,908.5397675,863.4348077,0.547838807,0.634487748,-18.89546585,2,control,-70
2020_02_13_0016,-218.2413635,-11.17960548,45.82082809,894.4859471,848.665119,0.517917395,0.610272984,-18.08675003,2,control,-70
2020_02_13_0016,-217.6615295,-9.791056633,45.94289134,1021.340227,975.3973352,0.58938992,0.604256234,-19.88728714,2,control,-70
2020_02_13_0016,-219.6705933,-11.39831543,45.52270676,877.3226238,831.7999171,0.58558166,0.70399341,-18.97684479,2,control,-70
2020_02_13_0016,-218.7601624,-10.48278809,45.71216209,953.944687,908.232525,0.555153489,0.61124599,-18.91072464,2,control,-70
2020_02_13_0016,-218.7499847,-11.5102129,45.7142889,868.7936608,823.0793719,0.547111809,0.664713305,-19.16503716,2,control,-70
2020_02_13_0016,-214.9403687,-12.31892681,46.52453172,811.7590236,765.2344919,0.553145587,0.722844557,-26.6367569,2,control,-70
2020_02_13_0016,-213.2008667,-12.59867191,46.90412452,793.7344562,746.8303317,0.528867364,0.708149283,-22.51688385,2,control,-70
2020_02_13_0016,-224.6246185,-8.382159233,44.51871779,1193.010025,1148.491308,0.639688611,0.556981674,-28.18298149,2,control,-70
2020_02_13_0016,-216.1152954,-9.38415432,46.27159767,1065.626125,1019.354527,0.547505915,0.537110398,-21.31143951,2,control,-70
2020_02_13_0016,-213.7400208,-12.10021877,46.78581,826.4313388,779.6455288,0.555965126,0.71309987,-19.17012405,2,control,-70
2020_02_13_0016,-213.1652679,-13.98213482,46.91195755,715.1983677,668.2864102,0.56413883,0.844157267,-21.69799614,2,control,-70
2020_02_13_0016,-211.3036957,-10.65063477,47.32524894,938.9111748,891.5859258,1.02205503,1.146333741,-35.15624619,2,control,-70
2020_02_13_0016,-213.2517395,-12.12056255,46.89293519,825.0442136,778.1512784,0.617192626,0.793152493,-23.44258499,2,control,-70
2020_02_13_0016,-213.0635376,-17.27803421,46.93435636,578.7695451,531.8351887,0.563593626,1.05971481,-21.55558014,2,control,-70
2020_02_13_0016,-210.0880737,-13.88549614,47.59908462,720.1759231,672.5768385,0.572912633,0.85181737,-19.15995026,2,control,-70
2020_02_13_0016,-210.4339447,-12.83263969,47.52085037,779.2628982,731.7420479,0.597047269,0.815925873,-25.16174126,2,control,-70
2020_02_13_0016,-210.6017914,-15.72163677,47.48297692,636.0660881,588.5831112,0.394148648,0.669656741,-23.40698051,2,control,-70
2020_02_13_0017,-208.5603333,-12.59825134,47.94775614,793.7609536,745.8131975,0.705643117,0.946139221,-20.56563377,2,control,-70
2020_02_13_0017,-208.5314178,-10.92575169,47.95440468,915.2688334,867.3144287,0.63665545,0.734053797,-19.9841938,2,monochromator,-70
2020_02_13_0017,-210.4106598,-13.97773743,47.52610923,715.4233689,667.8972597,0.599266529,0.897243581,-20.18014908,2,monochromator,-70
2020_02_13_0017,-208.3001251,-12.12442493,48.00765239,824.7813858,776.7737335,0.633412957,0.815440752,-26.19692993,2,monochromator,-70
2020_02_13_0017,-206.8127899,-9.098138809,48.35290895,1099.125899,1050.77299,0.66477412,0.632652463,-22.06902504,2,monochromator,-70
2020_02_13_0017,-206.125351,-9.452647209,48.51416846,1057.90471,1009.390541,0.66729635,0.661088372,-21.29162979,2,monochromator,-70
2020_02_13_0017,-207.2657471,-12.5025692,48.24723883,799.8356051,751.5883662,0.627857089,0.835373613,-19.2967453,2,monochromator,-70
2020_02_13_0019,-274.7441711,-33.56510544,36.39749647,297.9284548,261.5309584,0.653863013,2.167375383,-113.8055878,3,control,-70
2020_02_13_0019,-269.8641357,-32.79830551,37.05568349,304.8938,267.8381165,0.623349726,2.135065674,-114.6573105,3,control,-70
2020_02_13_0019,-278.5810852,-32.58818054,35.89619156,306.8597213,270.9635298,0.604422808,2.048809723,-118.2694778,3,control,-70
2020_02_13_0019,-267.6724243,-31.86444473,37.35909676,313.8294134,276.4703167,0.642208755,2.288611141,-113.7972641,3,control,-70
2020_02_13_0019,-263.7717285,-32.41665649,37.91156867,308.4833873,270.5718186,0.622144043,2.293649386,-114.76828,3,control,-70
2020_02_13_0019,-270.4689636,-34.92102814,36.97281886,286.3604119,249.387593,0.64056325,2.351339053,-116.8601227,3,control,-70
2020_02_13_0019,-261.2942505,-32.58227158,38.27102962,306.915372,268.6443423,0.703874469,2.461501356,-113.7057114,3,control,-70
2020_02_13_0019,-254.3834076,-39.2583847,39.31074001,254.7226554,215.4119154,0.599305511,2.764024124,-113.1702728,3,control,-70
2020_02_13_0019,-248.4047394,-32.41460419,40.25688087,308.5029187,268.2460378,0.636504948,2.365976717,-114.1440582,3,control,-70
2020_02_13_0019,-245.6054382,-32.60868835,40.71571082,306.6667353,265.9510245,0.654232323,2.433024885,-119.6288986,3,control,-70
2020_02_13_0019,-243.0253296,-33.41999817,41.14797423,299.2220391,258.0740649,0.595433176,2.441325253,-118.7910538,3,control,-70
2020_02_13_0020,-237.9434967,-32.37351608,42.02678425,308.8944671,266.8676829,0.66798979,1.992668005,-112.0320587,3,control,-70
2020_02_13_0020,-240.9728699,-34.48736954,41.49844754,289.9612274,248.4627798,0.708829701,2.17686125,-109.6130295,3,monochromator,-70
2020_02_13_0020,-236.3240356,-34.11816788,42.31478179,293.098974,250.7841922,0.692567647,2.184311621,-116.092926,3,monochromator,-70
2020_02_13_0020,-226.6723328,-27.19869423,44.11654426,367.664709,323.5481648,0.64896071,1.535864833,-116.2231369,3,monochromator,-70
2020_02_13_0020,-230.5379028,-34.12678146,43.37681517,293.0249959,249.6481808,0.68888092,2.304044898,-108.5733948,3,monochromator,-70
2020_02_13_0020,-224.5645905,-27.25589943,44.53061803,366.8930474,322.3624293,0.688296735,1.792725982,-107.9549103,3,monochromator,-70
2020_02_13_0020,-218.5628052,-30.8294487,45.75343912,324.3651905,278.6117514,0.750219762,2.00961805,-105.533844,3,monochromator,-70
2020_02_13_0020,-219.0999146,-34.59065628,45.6412775,289.0954112,243.4541337,0.732462168,2.288725145,-134.9039612,3,monochromator,-70
2020_02_13_0020,-213.950592,-35.00629425,46.73976316,285.6629133,238.9231502,0.740757465,2.192143214,-149.3306274,3,monochromator,-70
2020_02_13_0020,-216.1641235,-36.80335999,46.26114564,271.7143218,225.4531762,0.788619518,2.760721614,-138.2059631,3,monochromator,-70
2020_02_13_0021,-210.9525146,-34.62554932,47.40403316,288.8040825,241.4000493,0.910082579,3.626349798,-140.6099548,3,control,-70
2020_02_13_0021,-212.3121796,-31.99998665,47.10045378,312.5001304,265.3996766,0.935813546,3.070909603,-140.2268524,3,control,-70
2020_02_13_0021,-209.3393097,-33.59397125,47.76933685,297.6724581,249.9031213,0.876292348,3.261089189,-136.1196442,3,control,-70
2020_02_13_0021,-210.4529572,-33.02018356,47.51655731,302.845076,255.3285187,0.898265302,3.436193274,-133.541153,3,control,-70
2020_02_13_0021,-212.6896667,-33.20323563,47.01685866,301.1754671,254.1586085,0.906916618,3.443116944,-138.6286621,3,control,-70
2020_02_13_0021,-207.0988464,-32.78245163,48.2861212,305.0412493,256.7551281,0.873686969,3.214377496,-139.5808105,3,control,-70
2020_02_13_0021,-209.0557251,-33.82021713,47.83413607,295.6811294,247.8469934,0.797535121,3.178126228,-137.9901428,3,control,-70
2020_02_13_0021,-213.994873,-31.79417992,46.73009151,314.5229733,267.7928818,0.846969187,2.930809797,-142.5724792,3,control,-70
2020_02_13_0021,-212.5544434,-34.88471222,47.04676996,286.6585207,239.6117507,0.946969688,3.610633247,-140.7170105,3,control,-70
2020_02_13_0021,-209.7336884,-37.40632248,47.67951243,267.3344862,219.6549738,0.828040779,3.802848972,-139.6315155,3,control,-70
2020_02_13_0021,-207.784317,-30.0427742,48.12682759,332.8587411,284.7319135,1.013777971,3.388889706,-144.388504,3,control,-70
2020_02_13_0021,-205.3635712,-34.64466095,48.6941279,288.6447645,239.9506366,0.812792659,3.38544169,-133.1373749,3,control,-70
2020_02_13_0021,-204.6574402,-33.71593094,48.86213758,296.5956959,247.7335583,0.857002318,3.440449874,-134.9421387,3,control,-70
2020_02_13_0021,-201.1793671,-30.73332787,49.70688667,325.3796674,275.6727808,0.961689711,3.193910792,-140.7395477,3,control,-70
2020_02_13_0021,-199.1699066,-34.44680786,50.20838825,290.3026614,240.0942732,0.911012292,3.637514948,-134.4482269,3,control,-70
2020_02_13_0021,-198.2215118,-35.70285797,50.44861129,280.0896222,229.6410109,0.853244364,3.578752083,-136.9835358,3,control,-70
2020_02_13_0021,-197.9078827,-37.77319336,50.52855836,264.7380089,214.2094505,0.716590881,3.356025023,-135.4661102,3,control,-70
2020_02_13_0021,-194.7378082,-36.72140121,51.35109659,272.3207631,220.9696665,0.952326,4.123166494,-136.6830597,3,control,-70
2020_02_13_0021,-196.542572,-35.09383392,50.87956211,284.9503426,234.0707805,0.868163228,3.614598275,-135.7327881,3,control,-70
2020_02_13_0021,-195.8176727,-35.97019958,51.06791364,278.0079098,226.9399961,0.935094595,3.937250093,-134.8707733,3,control,-70
2020_02_13_0021,-193.0194397,-35.99394989,51.80825318,277.8244686,226.0162154,0.93473047,4.066581138,-134.9834595,3,control,-70
2020_02_13_0021,-188.8540192,-33.42980957,52.95095145,299.1342197,246.1832682,0.969944894,3.883442854,-131.4584503,3,control,-70
2020_02_13_0021,-191.0475311,-34.68266296,52.34299517,288.3284946,235.9854994,0.957280457,3.951627913,-135.002243,3,control,-70
2020_02_13_0021,-186.3468933,-36.53072739,53.66335774,273.7421539,220.0787962,0.962717533,4.213877519,-129.8151855,3,control,-70
2020_02_13_0021,-187.24646,-28.28219986,53.40554904,353.5792848,300.1737358,1.049575925,3.181734655,-138.9253845,3,control,-70
2020_02_13_0021,-187.3741608,-33.40760422,53.36915164,299.3330481,245.9638965,0.902043521,3.754472623,-129.7644806,3,control,-70
2020_02_13_0021,-185.1487122,-33.53740311,54.01063763,298.1745476,244.16391,0.986344337,4.006273418,-126.9850388,3,control,-70
2020_02_13_0022,-182.9284515,-25.49105644,54.66618186,392.2944513,337.6282694,0.968043387,3.187295583,-137.8722992,3,control,-70
2020_02_13_0022,-183.4503021,-33.93637848,54.5106761,294.669038,240.1583619,0.882333398,3.87572564,-132.5897064,3,control,-70
2020_02_13_0022,-185.6262054,-33.89281845,53.87170403,295.0477552,241.1760511,0.80387944,3.375673306,-128.826889,3,control,-70
2020_02_13_0022,-181.3171234,-32.44684219,55.15198902,308.1964014,253.0444124,0.800410569,3.102797307,-131.0607758,3,control,-70
2020_02_13_0022,-182.897934,-33.18426132,54.67530323,301.3476751,246.6723719,0.913777888,3.80436404,-133.1420746,3,control,-70
2020_02_13_0022,-183.4289398,-32.71650696,54.51702447,305.6561024,251.1390779,0.877442002,3.446248834,-132.4889984,3,control,-70
2020_02_13_0022,-182.3272552,-31.49275398,54.84643525,317.5333604,262.6869251,0.904098034,3.406465403,-133.590683,3,control,-70
2020_02_13_0022,-182.0129242,-32.70985031,54.94115346,305.7183052,250.7771517,0.860133767,3.491021518,-134.0270844,3,control,-70
2020_02_13_0022,-181.1096039,-33.57099915,55.21518343,297.8761507,242.6609672,0.866240263,3.490933302,-135.9069672,3,control,-70
2020_02_13_0022,-182.3974457,-32.66157532,54.82532917,306.1701679,251.3448388,0.912844002,4.003733435,-133.3984222,3,control,-70
2020_02_13_0022,-182.2234955,-34.56282043,54.87766533,289.3282398,234.4505745,0.799799144,3.425266521,-135.1592865,3,control,-70
2020_02_13_0022,-180.163559,-33.25750351,55.50512022,300.6840245,245.1789043,0.844757736,3.168936016,-132.0922699,3,control,-70
2020_02_13_0022,-180.3619232,-32.33503723,55.44407501,309.2620531,253.8179781,0.893918812,3.776956297,-132.6263275,3,control,-70
2020_02_13_0024,-173.6108551,-36.3058815,57.60008494,275.437466,217.837381,0.883219898,4.673784878,-125.0557938,3,control,-70
2020_02_13_0024,-171.1446228,-32.06074142,58.43011505,311.9079458,253.4778308,0.887821019,3.652654117,-125.231926,3,control,-70
2020_02_13_0024,-176.0460663,-51.72321701,56.8033141,193.3367756,136.5334615,0.953621268,8.418848985,-120.2026291,3,control,-70
2020_02_13_0024,-170.552887,-32.86887741,58.63283922,304.2391705,245.6063313,0.909566402,4.436754423,-123.1166229,3,control,-70
2020_02_13_0024,-171.3991089,-31.09013748,58.3433605,321.6454094,263.3020489,1.074051261,4.639843889,-123.9188004,3,control,-70
2020_02_13_0024,-167.3707886,-32.12148666,59.74758251,311.3180939,251.5705113,0.854364634,3.751488625,-120.3595734,3,control,-70
2020_02_13_0024,-169.059082,-32.45529175,59.1509186,308.1161642,248.9652456,0.839860976,4.084518064,-122.5638199,3,control,-70
2020_02_13_0024,-168.8894196,-36.82947922,59.21034027,271.5216238,212.3112835,0.838014483,4.631102424,-120.0003433,3,control,-70
2020_02_13_0024,-170.250824,-34.33619308,58.73686697,291.2378776,232.5010107,0.917235434,4.316607549,-119.3045425,3,control,-70
2020_02_13_0024,-169.4521942,-31.42423248,59.01369437,318.2257516,259.2120572,0.925765634,3.957955686,-119.9480286,3,control,-70
2020_02_13_0024,-169.9487457,-33.15995789,58.8412698,301.5685374,242.7272676,0.901021183,4.17969575,-114.9570923,3,control,-70
2020_02_13_0024,-169.6673737,-32.06277847,58.93885067,311.8881294,252.9492787,0.958942711,4.048317545,-119.1772385,3,control,-70
2020_02_13_0024,-170.2384033,-34.10600281,58.74115244,293.2035178,234.4623653,0.851064682,4.010206871,-118.5581665,3,control,-70
2020_02_13_0024,-170.7618561,-30.79978561,58.56108753,324.6775846,266.1164971,0.983497381,4.110476596,-119.9672089,3,control,-70
2020_02_13_0024,-170.8363495,-36.0671196,58.53555189,277.2608434,218.7252915,0.933043301,4.990771939,-111.9838104,3,control,-70
2020_02_13_0024,-172.0011902,-33.22375488,58.13913258,300.9894588,242.8503262,1.02444005,5.037332095,-113.2707825,3,control,-70
2020_02_13_0024,-171.5066986,-36.46224976,58.3067605,274.2562532,215.9494927,0.930344343,4.791789704,-118.6331558,3,control,-70
2020_02_13_0025,-184.7859497,-32.26673508,54.11666859,309.9166983,255.8000297,1.058637142,4.796389868,-117.5821838,3,control,-70
2020_02_13_0025,-183.1990356,-27.10926628,54.58544017,368.87756,314.2921199,1.069947243,4.881278167,-118.436676,3,monochromator,-70
2020_02_13_0025,-187.0645905,-32.46255875,53.45747143,308.0471899,254.5897185,1.059927702,5.869283516,-116.5242462,3,monochromator,-70
2020_02_13_0025,-185.9659576,-33.82059097,53.77328263,295.6778611,241.9045785,1.018031955,5.973681269,-114.08284,3,monochromator,-70
2020_02_13_0025,-189.4429321,-32.27741623,52.78634514,309.8141415,257.0277964,1.105899453,5.264108075,-114.6341858,3,monochromator,-70
2020_02_13_0025,-185.6851959,-28.17636299,53.85458949,354.9074096,301.0528201,1.145588636,5.023810561,-117.7815704,3,monochromator,-70
2020_02_13_0025,-188.5274048,-33.82618332,53.04268635,295.6289779,242.5862915,0.979375482,6.672833022,-114.32901,3,monochromator,-70
2020_02_13_0025,-185.6709595,-31.90815544,53.85871882,313.3995012,259.5407824,1.161370277,5.896683006,-115.8426819,3,monochromator,-70
2020_02_13_0025,-185.4085083,-32.18738937,53.93495742,310.6806794,256.745722,1.144489527,5.738829891,-117.5699768,3,monochromator,-70
2020_02_13_0025,-186.301651,-33.72140884,53.67638959,296.5475151,242.8711256,1.180550337,6.417466179,-111.4278107,3,monochromator,-70
2020_02_13_0025,-188.859024,-31.01449776,52.94954822,322.4298545,269.4803063,0.992788672,5.51483895,-109.8470001,3,monochromator,-70
2020_02_13_0025,-186.5702057,-27.99325752,53.5991262,357.2288788,303.6297526,1.247147202,5.11051736,-109.4502716,3,monochromator,-70
2020_02_13_0025,-186.0249634,-30.46925163,53.75622614,328.1997248,274.4434986,1.035040736,5.61768657,-107.7982483,3,monochromator,-70
2020_02_13_0026,-368.5219727,-21.84812164,27.13542405,457.705251,430.5698269,0.528903663,1.228380695,-19.17331314,4,control,-70
2020_02_13_0026,-359.6542969,-22.60074043,27.80447804,442.4633799,414.6589019,0.537513554,1.296278825,-19.37400436,4,control,-70
2020_02_13_0026,-357.1259766,-20.33401489,28.0013235,491.7867943,463.7854708,0.557411075,1.201872654,-19.58297348,4,control,-70
2020_02_13_0026,-348.1010437,-21.847826,28.72729106,457.7114445,428.9841535,0.56930536,1.327101143,-20.30711937,4,control,-70
2020_02_13_0026,-332.7698364,-23.77503967,30.0508006,420.6091825,390.5583819,0.630790055,1.615097983,-19.89125252,4,control,-70
2020_02_13_0026,-324.9428711,-23.63267326,30.77464037,423.1429889,392.3683485,0.605162144,1.542331704,-19.7836647,4,control,-70
2020_02_13_0026,-315.6820679,-20.22544289,31.67744075,494.4267503,462.7493096,0.653123319,1.411397717,-21.35402679,4,control,-70
2020_02_13_0026,-293.8770142,-25.55486107,34.02783994,391.314982,357.2871421,0.586911082,1.642687388,-20.20987701,4,control,-70
2020_02_13_0026,-271.7636719,-21.96713638,36.7966768,455.2254707,418.4287939,0.71512872,1.709081044,-25.35544968,4,control,-70
2020_02_13_0026,-260.1731873,-21.30486298,38.4359361,469.3764053,430.9404692,0.70398438,1.633600068,-21.19885254,4,control,-70
2020_02_13_0026,-254.2662201,-20.59461021,39.32885775,485.5639362,446.2350784,0.752970576,1.687385445,-22.22300148,4,control,-70
2020_02_13_0026,-259.3642273,-17.7929039,38.55581822,562.0218069,523.4659887,0.812267125,1.551709456,-23.59474182,4,control,-70
2020_02_13_0026,-261.0401001,-20.89875031,38.30829055,478.4975108,440.1892203,0.64414376,1.46333379,-23.87198639,4,control,-70
2020_02_13_0026,-255.8986511,-18.87882805,39.07797074,529.693897,490.6159263,0.783398509,1.596765346,-23.0319767,4,control,-70
2020_02_13_0026,-254.6800232,-18.72394943,39.26495637,534.0753582,494.8104018,0.675298154,1.364761436,-24.00646973,4,control,-70
2020_02_13_0027,-243.1403046,-18.48822594,41.12851638,540.884779,499.7562626,0.906950593,1.814785848,-25.41435814,4,control,-70
2020_02_13_0027,-243.4658203,-18.66726112,41.07352723,535.6972259,494.6236987,0.86954391,1.757990796,-23.13571358,4,monochromator,-70
2020_02_13_0027,-245.1714172,-20.00053978,40.78778886,499.9865059,459.198717,0.940957665,2.049129561,-21.55219078,4,monochromator,-70
2020_02_13_0027,-245.2527924,-17.94569016,40.77425543,557.2368582,516.4626028,0.975393355,1.888604034,-22.81358337,4,monochromator,-70
2020_02_13_0027,-239.9698639,-19.99918365,41.67189929,500.0204095,458.3485102,0.853910506,1.863015777,-23.09163284,4,monochromator,-70
2020_02_13_0027,-243.5539856,-20.94048119,41.05865882,477.5439452,436.4852864,0.968885124,2.219742919,-20.60614586,4,monochromator,-70
2020_02_13_0027,-240.410675,-18.6028347,41.59549071,537.5524838,495.9569931,0.92605859,1.867215511,-22.65082359,4,monochromator,-70
2020_02_13_0027,-237.8539734,-17.80395317,42.04260226,561.6730118,519.6304096,0.991649687,1.908375009,-22.52197075,4,monochromator,-70
2020_02_13_0027,-244.9611816,-18.94802284,40.82279459,527.7595495,486.936755,0.950396121,1.951785547,-21.51828194,4,monochromator,-70
2020_02_13_0027,-245.7682037,-19.92594147,40.68874593,501.8583446,461.1695987,0.937251091,2.032334945,-21.44368362,4,monochromator,-70
2020_02_13_0027,-245.6257782,-19.24031448,40.71233921,519.7420244,479.0296852,1.023601651,2.136823005,-21.83023834,4,monochromator,-70
2020_02_13_0027,-244.3474426,-15.53887081,40.92533113,643.5474058,602.6220747,0.78890878,1.309126918,-25.30585289,4,monochromator,-70
2020_02_13_0027,-247.8128815,-19.00431061,40.35302742,526.1964091,485.8433817,0.897312343,1.846916881,-21.35213089,4,monochromator,-70
2020_02_13_0027,-246.1378021,-14.91834641,40.62764806,670.3155784,629.6879304,0.875031233,1.389626815,-25.83482361,4,monochromator,-70
2020_02_13_0028,-248.9486694,-19.05314827,40.16892327,524.847645,484.6787218,1.185925364,2.446827788,-19.97219658,4,control,-70
2020_02_13_0028,-238.5029449,-22.00861549,41.92820345,454.3675182,412.4393147,1.463849664,3.549248608,-19.55366898,4,control,-70
2020_02_13_0028,-246.4449921,-24.11251259,40.57700632,414.7224377,374.1454314,1.353298545,3.617038807,-18.93584442,4,control,-70
2020_02_13_0028,-232.6660004,-18.63960457,42.98006578,536.4920679,493.5120021,1.419836283,2.877004564,-20.26366997,4,control,-70
2020_02_13_0028,-230.2893677,-18.38062477,43.42362872,544.0511476,500.6275189,1.334258556,2.665172221,-21.41960144,4,control,-70
2020_02_13_0028,-230.5858307,-20.40729523,43.36779918,490.0208425,446.6530433,1.382274151,3.094738011,-19.53623009,4,control,-70
2020_02_13_0028,-231.5100708,-20.2488308,43.19466521,493.855675,450.6610098,1.316283703,2.920784524,-18.97819519,4,control,-70
2020_02_13_0028,-225.1624146,-18.77867889,44.4123857,532.518824,488.1064383,1.376720548,2.820533473,-19.95475769,4,control,-70
2020_02_13_0028,-230.5509491,-19.43300629,43.37436059,514.58842,471.2140594,1.39383328,2.957961996,-17.74005318,4,control,-70
2020_02_13_0028,-234.3251648,-18.70123482,42.67574082,534.7240488,492.048308,1.374549627,2.793525767,-18.23829842,4,control,-70
2020_02_13_0028,-230.1299286,-19.74971771,43.45371357,506.336351,462.8826374,1.393798113,3.011126364,-18.89349365,4,control,-70
2020_02_13_0028,-227.3646698,-18.57136536,43.98220712,538.4633713,494.4811642,1.412176967,2.855876156,-17.63043976,4,control,-70
2020_02_13_0028,-227.5415344,-18.22811699,43.94802041,548.6030184,504.654998,1.31846416,2.612604978,-17.81977272,4,control,-70
2020_02_13_0028,-226.198761,-15.98308563,44.20890705,625.6614167,581.4525096,1.350160956,2.322048549,-21.35981178,4,control,-70
2020_02_13_0029,-219.7444153,-12.19437599,45.50741363,820.0501614,774.5427477,1.341780066,1.73235121,-25.98311043,4,control,-70
2020_02_13_0029,-224.0793915,-19.92901802,44.62704015,501.78087,457.1538298,1.333749056,2.917506032,-27.99578285,4,monochromator,-70
2020_02_13_0029,-221.1199341,-22.32234192,45.22432607,447.9816695,402.7573434,1.133137226,2.813448953,-23.50895309,4,monochromator,-70
2020_02_13_0029,-219.4288177,-20.14904213,45.57286551,496.3015083,450.7286428,1.302091718,2.888859491,-19.46277046,4,monochromator,-70
2020_02_13_0029,-229.7571564,-32.71737289,43.52421556,305.6480125,262.123797,-4.408503532,-16.81840254,-19.26626587,4,monochromator,-70
2020_02_13_0029,-214.5340881,-18.25114822,46.61263898,547.9107329,501.2980939,1.455218196,2.902899918,-24.72370148,4,monochromator,-70
2020_02_13_0029,-214.1708679,-17.22873497,46.69169106,580.4256678,533.7339767,1.343021154,2.516274423,-24.35451317,4,monochromator,-70
2020_02_13_0029,-213.8939667,-20.14398193,46.75213684,496.4261799,449.6740431,1.440400481,3.203210199,-25.73003769,4,monochromator,-70
2020_02_13_0029,-216.8653412,-18.03722572,46.11156373,554.4089847,508.297421,1.393586755,2.741675832,-28.00769234,4,monochromator,-70
2020_02_13_0029,-215.4064484,-20.31368828,46.42386556,492.2788941,445.8550285,1.408093929,3.15818784,-24.70583916,4,monochromator,-70
2020_02_13_0029,-215.9661865,-20.92835808,46.30354483,477.8205707,431.5170258,1.412675261,3.273741653,-21.70469475,4,monochromator,-70
2020_02_13_0030,-225.0037384,-18.96756172,44.44370601,527.2158935,482.7721875,1.330152273,2.755237994,-20.23550034,4,control,-70
2020_02_13_0030,-226.0014191,-14.37591267,44.24750978,695.6080099,651.3605001,1.509082556,2.316816196,-34.25245667,4,control,-70
2020_02_13_0030,-220.9120331,-19.95102501,45.26688683,501.2273803,455.9604935,1.448846698,3.177570685,-19.68853188,4,control,-70
2020_02_13_0030,-218.3908234,-20.99573517,45.78946975,476.287204,430.4977343,1.335028768,3.101128441,-15.61795616,4,control,-70
2020_02_13_0030,-218.2311859,-22.55988693,45.82296503,443.2646329,397.4416679,1.268074274,3.190592171,-19.19555473,4,control,-70
2020_02_13_0030,-218.6020966,-18.5362606,45.74521543,539.483136,493.7379205,1.663479567,3.369154965,-16.87152481,4,control,-70
2020_02_13_0030,-217.3015747,-19.41451263,46.01899463,515.0786007,469.059606,1.415371895,3.017467027,-17.31755066,4,control,-70
2020_02_13_0030,-214.3061523,-17.35866737,46.66221614,576.0810888,529.4188726,1.367524981,2.583068062,-17.01706886,4,control,-70
2020_02_13_0030,-212.3671112,-20.7278347,47.0882706,482.44306,435.3547894,1.452343225,3.335999192,-13.82915688,4,control,-70
2020_02_13_0030,-209.031311,-24.43141747,47.83972291,409.3090388,361.4693159,1.428798199,3.952750996,-23.63468933,4,control,-70
2020_02_13_0030,-206.2283936,-21.90222931,48.48992822,456.5745276,408.0845994,1.49655211,3.667259465,-25.09483719,4,control,-70
2020_02_13_0030,-212.0995026,-21.20004082,47.14768248,471.697205,424.5495226,1.437663913,3.386327946,-19.46786499,4,monochromator,-70
2020_02_13_0030,-215.4165344,-22.23472214,46.42169194,449.747019,403.3253271,1.606789827,3.983855512,-22.86470604,4,monochromator,-70
2020_02_13_0030,-208.4960785,-20.97389793,47.96253278,476.7830964,428.8205636,1.487221122,3.46816652,-25.87890434,4,monochromator,-70
2020_02_13_0030,-211.3201294,-13.59212875,47.3215686,735.7199289,688.3983603,1.576970816,2.290782353,-28.05973816,4,monochromator,-70
2020_02_13_0030,-209.0641785,-24.24973488,47.83220193,412.3756425,364.5434405,1.464514375,4.017393298,-25.43287849,4,monochromator,-70
2020_02_13_0030,-212.9680786,-32.08948135,46.95539381,311.6285954,264.6732015,1.443384528,5.453459284,-23.1158905,4,monochromator,-70
2020_02_13_0030,-207.4866486,-13.55023003,48.19587221,737.9948518,689.7989796,1.616944551,2.344080811,-23.83657455,4,monochromator,-70
2020_02_13_0030,-207.467865,-21.88401794,48.20023574,456.9544782,408.7542424,1.349698305,3.301979931,-15.55457401,4,monochromator,-70
2020_02_13_0030,-205.2072296,-18.26210022,48.73122657,547.5821444,498.8509179,1.425967813,2.858504939,-18.18143272,4,monochromator,-70
2020_02_13_0031,-209.9187775,-17.90219116,47.63747255,558.5908401,510.9533675,1.372997403,2.687128592,-17.0099144,4,control,-70
2020_02_13_0031,-211.6132355,-19.29146767,47.25602337,518.3638784,471.107855,1.515464425,3.216809928,-21.0527668,4,control,-70
2020_02_13_0031,-211.8937073,-21.44876862,47.19347322,466.227231,419.0337578,1.341422439,3.201227619,-15.15706253,4,control,-70
2020_02_13_0031,-214.0633545,-17.04188538,46.71514199,586.7895353,540.0743933,1.446654201,2.678620239,-17.62607956,4,control,-70
2020_02_13_0031,-215.286972,-21.71398163,46.44962909,460.5327651,414.083136,1.617557883,3.906360203,-17.9893837,4,control,-70
2020_02_13_0031,-217.3534393,-18.94342232,46.00801363,527.8877191,481.8797055,1.4715029,3.053672697,-19.096735,4,control,-70
2020_02_13_0031,-218.4956665,-19.47529984,45.76749809,513.4709137,467.7034156,1.460275769,3.12222601,-16.85587311,4,control,-70
2020_02_13_0031,-210.89534,-17.68093872,47.41688461,565.5808302,518.1639456,1.556713581,3.004287725,-17.9864769,4,control,-70
2020_02_13_0031,-218.3082123,-16.3123703,45.80679717,613.0316941,567.2248969,1.441853762,2.541943715,-17.65369034,4,control,-70
2020_02_13_0031,-213.1478271,-17.85823059,46.91579611,559.9658907,513.0500946,1.442107439,2.810851132,-16.71055222,4,control,-70
2020_02_13_0031,-212.9095001,-16.94851685,46.9683128,590.0221294,543.0538166,1.439674139,2.651070842,-19.87856674,4,control,-70
2020_02_13_0031,-212.3093262,-18.41590309,47.1010868,543.0089391,495.9078523,1.507948518,3.040783708,-17.4269886,4,control,-70
2020_02_13_0034,-237.1897736,-17.68768501,42.16033369,565.365111,523.2047773,0.69960922,1.539877747,-27.82484818,5,control,-70
2020_02_13_0034,-242.1156616,-18.54588318,41.30257387,539.2032239,497.90065,0.559547246,1.17930862,-27.9038353,5,control,-70
2020_02_13_0034,-241.738678,-16.13702202,41.3669839,619.6930257,578.3260418,0.557379425,1.046836245,-28.64702797,5,control,-70
2020_02_13_0034,-245.25,-16.87616158,40.77471967,592.5518048,551.7770852,0.535663605,1.037186251,-27.57711792,5,control,-70
2020_02_13_0034,-243.1532593,-16.33089828,41.12632514,612.3361879,571.2098627,0.585150659,1.037369208,-28.4531517,5,control,-70
2020_02_13_0034,-244.0292969,-16.74227715,40.97868628,597.2903156,556.3116293,0.511129379,0.952300527,-28.06539917,5,control,-70
2020_02_13_0034,-243.0132446,-17.01386642,41.15002051,587.7558781,546.6058576,0.576983094,1.133440945,-27.73868179,5,control,-70
2020_02_13_0034,-242.9163055,-18.53534508,41.16644199,539.509783,498.343341,0.52670455,1.133093039,-27.34733772,5,control,-70
2020_02_13_0034,-242.8121796,-16.25364876,41.18409553,615.2464686,574.0623731,0.61037761,1.222028468,-27.45145798,5,control,-70
2020_02_13_0034,-241.1570587,-15.84284878,41.46675222,631.1996119,589.7328597,0.568131924,1.105191478,-28.61830521,5,control,-70
2020_02_13_0034,-238.7371826,-18.33729935,41.88706548,545.3365739,503.4495084,0.483648837,1.032287037,-27.86434174,5,monochromator,-70
2020_02_13_0034,-233.096817,-16.06370926,42.90062871,622.5212271,579.6205984,0.503023028,0.98688868,-28.13361549,5,monochromator,-70
2020_02_13_0034,-231.3052673,-16.30796623,43.23291084,613.1972471,569.9643363,0.46352753,0.844104359,-28.46033287,5,monochromator,-70
2020_02_13_0034,-230.0450592,-17.1859684,43.46974473,581.870033,538.4002883,0.457915366,0.907481504,-26.79084206,5,monochromator,-70
2020_02_13_0034,-229.6429443,-16.01599312,43.54586216,624.3758927,580.8300305,0.468204796,0.87066226,-27.92537689,5,monochromator,-70
2020_02_13_0034,-221.2129364,-16.10331917,45.20531287,620.9899894,575.7846766,0.457962453,0.846218265,-28.90912056,5,monochromator,-70
2020_02_13_0034,-224.2252045,-16.5324192,44.59801932,604.8721531,560.2741338,0.46431455,0.87628123,-27.727911,5,monochromator,-70
2020_02_13_0034,-223.5322723,-17.78867722,44.7362696,562.1553463,517.4190767,0.467172593,1.00537325,-27.93255806,5,monochromator,-70
2020_02_13_0034,-219.9168396,-17.01629829,45.47173385,587.6718795,542.2001456,0.458025426,0.934862325,-28.86244583,5,monochromator,-70
2020_02_13_0034,-220.9436646,-16.21994591,45.26040618,616.5248674,571.2644612,0.458868802,0.880416102,-29.17839241,5,monochromator,-70
2020_02_13_0034,-219.2598114,-16.76092339,45.60799326,596.6258404,551.0178471,0.459700197,0.871347386,-28.42083931,5,monochromator,-70
2020_02_13_0034,-219.4608612,-16.98167038,45.56621142,588.8702216,543.3040102,0.456925392,0.934423446,-28.83013344,5,monochromator,-70
2020_02_13_0034,-216.6819763,-17.07339668,46.15058516,585.7065343,539.5559492,0.482930332,0.917072885,-29.0455513,5,monochromator,-70
2020_02_13_0034,-214.2010651,-16.58499908,46.68510867,602.9545102,556.2694016,0.463533849,0.896365212,-28.23055267,5,monochromator,-70
2020_02_13_0034,-215.4828033,-16.49246216,46.40741556,606.3376047,559.9301891,0.468757004,0.893651659,-28.41365814,5,monochromator,-70
2020_02_13_0034,-215.030426,-17.37498093,46.50504668,575.5402001,529.0351535,0.462326944,0.896134987,-28.49982643,5,monochromator,-70
2020_03_20_0001,-235.348587,-38.16622162,42.49016374,262.0117889,219.5216251,1.833104134,8.350448994,-26.85840797,6,control,-60
2020_03_20_0001,-231.4864807,-34.24860764,43.19906704,291.9826729,248.7836058,1.702974081,6.84520218,-16.80452156,6,control,-60
2020_03_20_0001,-229.0891876,-30.33099365,43.65112166,329.6957599,286.0446382,2.14473772,7.497912682,-17.1266098,6,control,-60
2020_03_20_0001,-231.6364899,-35.21427536,43.17109107,283.9757427,240.8046517,1.856396317,7.709138111,-13.84689045,6,control,-60
2020_03_20_0001,-229.6774902,-56.69276428,43.53931241,176.3893528,132.8500404,1.114745378,8.391005191,-16.66039085,6,control,-60
2020_03_20_0001,-222.4606323,-21.26102257,44.95177369,470.3442635,425.3924898,1.933490396,4.545191657,-23.51103401,6,control,-60
2020_03_20_0001,-227.3831482,-40.6710701,43.97863289,245.8750157,201.8963828,1.688477159,8.363087713,-16.3912468,6,control,-60
2020_03_20_0001,-227.5949402,-30.33487129,43.93770789,329.6536156,285.7159077,1.936684251,6.778356398,-15.93532181,6,control,-60
2020_03_20_0001,-220.7663574,-21.3589592,45.29675679,468.1876072,422.8908504,2.004501343,4.739996953,-17.1486721,6,control,-60
2020_03_20_0001,-221.5428925,-26.57997322,45.1379861,376.2231029,331.0851168,2.084632397,6.296363959,-18.81353378,6,control,-60
2020_03_20_0001,-219.9265747,-32.70956039,45.46972103,305.7210149,260.2512938,1.877678633,7.214867619,-15.7911911,6,control,-60
2020_03_20_0001,-214.1480865,-28.62896156,46.69665819,349.2966372,302.599979,1.820703268,6.01686515,-14.85580921,6,control,-60
2020_03_20_0001,-212.0861206,-33.2919693,47.15065734,300.3727388,253.2220815,2.04080677,8.05935548,-11.54667377,6,control,-60
2020_03_20_0001,-213.7186279,-27.21739769,46.79049317,367.4120544,320.6215612,2.117380381,6.603986247,-13.94248772,6,control,-60
2020_03_20_0001,-215.1908264,-21.49299622,46.47038243,465.2678435,418.7974611,1.999391675,4.774125588,-20.40485954,6,control,-60
2020_03_20_0001,-215.5629272,-31.57522774,46.3901661,316.7039707,270.3138046,1.786408186,6.608645787,-15.27202415,6,control,-60
2020_03_20_0001,-214.5054626,-30.68423462,46.61885938,325.9002587,279.2813993,1.919144392,6.871722917,-10.348032,6,control,-60
2020_03_20_0001,-208.8917084,-30.5580864,47.87169428,327.2456223,279.3739281,1.842815757,6.596233835,-12.17761612,6,monochromator,-60
2020_03_20_0001,-207.5283356,-40.60829926,48.18619092,246.2550804,198.0688895,2.17889595,11.00069756,-17.69137001,6,monochromator,-60
2020_03_20_0001,-207.8239594,-27.26533127,48.11764741,366.7661288,318.6484814,2.08273077,6.536139011,-15.68676949,6,monochromator,-60
2020_03_20_0001,-206.3017578,-24.48358536,48.47268441,408.4369121,359.9642277,2.074560165,5.763239805,-17.57518196,6,monochromator,-60
2020_03_20_0001,-206.5782471,-31.13548088,48.40780741,321.176989,272.7691816,1.968797088,7.217813524,-11.68345165,6,monochromator,-60
2020_03_20_0001,-205.0648804,-32.58508301,48.76505417,306.8888914,258.1238372,2.287015438,8.860148147,-11.12163448,6,monochromator,-60
2020_03_20_0001,-210.5006866,-29.49261284,47.50578328,339.0679576,291.5621743,1.805863142,6.193749742,-16.55008507,6,monochromator,-60
2020_03_20_0001,-204.5148163,-29.45490837,48.89621291,339.5019898,290.6057768,2.108565092,7.255757662,-18.01934052,6,monochromator,-60
2020_03_20_0001,-208.0372162,-37.86011124,48.0683225,264.1302329,216.0619104,1.848026276,8.553225656,-9.003787994,6,monochromator,-60
2020_03_20_0001,-202.8823242,-19.59375572,49.28965615,510.3666771,461.077021,2.149695158,4.662334188,-38.45067215,6,monochromator,-60
2020_03_20_0001,-206.8326874,-43.44158173,48.34825736,230.1941965,181.8459391,1.891365409,10.40092189,-29.86163139,6,monochromator,-60
2020_03_20_0001,-208.4975586,-33.59854507,47.9621923,297.6319355,249.6697432,1.973486304,7.904387128,-47.23973465,6,monochromator,-60
2020_03_20_0001,-199.2863922,-40.45627594,50.17904077,247.1804378,197.0013971,1.949539781,9.896070838,-43.51144409,6,monochromator,-60
2020_03_20_0001,-180.7346497,-28.72382355,55.3297335,348.1430661,292.8133326,2.332032681,7.964229838,-12.38057613,6,monochromator,-60
2020_03_20_0001,-181.3773499,-30.1100502,55.13367578,332.1150225,276.9813467,1.954473376,7.05633574,-12.34821987,6,monochromator,-60
2020_03_20_0001,-177.7520142,-30.74607277,56.25815295,325.2447906,268.9866377,2.17741847,8.094894562,-9.870045662,6,monochromator,-60
2020_03_20_0001,-180.8684845,-40.18800354,55.2887919,248.8304747,193.5416829,2.111394644,10.90925021,-9.194982529,6,monochromator,-60
2020_03_20_0001,-173.8148804,-28.27378082,57.53247351,353.6845696,296.152096,2.148385525,7.254331654,-16.24858665,6,monochromator,-60
2020_03_20_0001,-210.0991669,-33.74087143,47.59657141,296.3764591,248.7798877,1.882871151,7.568421904,-11.21428967,6,monochromator,-60
2020_03_20_0001,-201.474823,-30.8704834,49.63399323,323.9340269,274.3000337,2.117926598,7.721204293,-8.852302551,6,monochromator,-60
2020_03_20_0001,-197.152359,-30.2045784,50.72219298,331.0756359,280.3534429,2.001127958,7.137875453,-9.512659073,6,monochromator,-60
2020_03_20_0001,-196.1081543,-38.30453873,50.99227024,261.0656683,210.073398,1.875000715,8.92545526,-11.2892971,6,monochromator,-60
2020_03_20_0001,-193.7873383,-28.47085953,51.60295863,351.2363225,299.6333639,1.951060891,6.511494133,-12.02318954,6,monochromator,-60
2020_03_20_0001,-192.7063599,-28.71045303,51.89242331,348.305197,296.4127737,1.830018997,6.173887091,-13.34831429,6,monochromator,-60
2020_03_20_0001,-195.2330627,-29.28403664,51.22083247,341.4829767,290.2621442,1.948700786,6.713589162,-11.43195724,6,monochromator,-60
2020_03_20_0002,-284.8649597,-31.83250809,35.10435264,314.1442695,279.0399169,1.588844657,5.693969073,-15.30590248,6,control,-60
2020_03_20_0002,-309.5788574,-32.40216827,32.3019475,308.6213217,276.3193742,1.485216498,5.3749995,-12.808815,6,control,-60
2020_03_20_0002,-298.365509,-31.41704178,33.51593833,318.2985868,284.7826485,1.343194604,4.716560546,-17.67449379,6,control,-60
2020_03_20_0002,-317.4299011,-27.12102318,31.50301835,368.7176525,337.2146342,1.294507623,3.838823976,-15.82202435,6,control,-60
2020_03_20_0002,-332.5773315,-31.69972992,30.06819483,315.4601009,285.3919061,1.266798496,4.438803166,-10.92850399,6,control,-60
2020_03_20_0002,-295.8748474,-35.23548508,33.79807404,283.8048058,250.0067318,1.201079726,4.804189542,-12.47472858,6,control,-60
2020_03_20_0002,-319.9205627,-29.67593384,31.25775947,336.9733891,305.7156296,1.293395638,4.230714799,-15.77276802,6,control,-60
2020_03_20_0002,-304.5761108,-29.1084137,32.83251589,343.5432829,310.710767,1.531499267,4.929018977,-26.84475899,6,control,-60
2020_03_20_0002,-297.1833496,-27.2602272,33.64926068,366.8348002,333.1855395,1.47246635,4.41935851,-29.72090721,6,control,-60
2020_03_20_0002,-293.7975159,-27.71638489,34.03704749,360.7974143,326.7603668,1.437368989,4.398847398,-30.2991333,6,control,-60
2020_03_20_0002,-291.5124512,-26.11233711,34.30385206,382.9607422,348.6568901,1.27393198,3.653827061,-30.50900841,6,control,-60
2020_03_20_0002,-309.1376953,-27.19383812,32.34804474,367.7303644,335.3823196,1.429494023,4.262281998,-25.45701218,6,control,-60
2020_03_20_0004,-354.8399353,-40.86495209,28.18172084,244.7084724,216.5267516,1.10370934,5.097334773,-14.66686153,6,control,-60
2020_03_20_0004,-336.6284485,-24.89140129,29.70634254,401.7451602,372.0388177,1.319049597,3.545462285,-22.86860466,6,control,-60
2020_03_20_0004,-330.1057434,-31.55229568,30.29332328,316.9341496,286.6408263,1.471060276,5.132068223,-18.64911652,6,control,-60
2020_03_20_0004,-299.5351868,-29.91240692,33.38505939,334.3094398,300.9243804,1.37670815,4.57493058,-16.38275528,6,control,-60
2020_03_20_0004,-319.32901,-26.63493347,31.31566405,375.4467797,344.1311157,1.300503254,3.779092313,-23.20026779,6,control,-60
2020_03_20_0004,-297.6741943,-31.59144974,33.59377531,316.5413453,282.94757,1.875844121,6.629652699,-22.27207184,6,control,-60
2020_03_20_0004,-295.0968933,-35.63646698,33.88717478,280.6114311,246.7242564,1.471295238,5.963318156,-15.20581341,6,control,-60
2020_03_20_0004,-295.5851746,-29.39053535,33.83119608,340.2455886,306.4143925,1.588898301,5.185455841,-12.88647842,6,control,-60
2020_03_20_0004,-349.1371765,-24.0334549,28.64203721,416.086661,387.4446238,1.077429652,2.780861021,-22.6889534,6,control,-60
2020_03_20_0004,-295.380188,-25.98120499,33.8546741,384.8936185,351.0389444,1.424645305,4.058368245,-27.61783028,6,control,-60
2020_03_20_0005,-288.3953552,-30.82090759,34.67462225,324.4550787,289.7804565,0.927002013,3.198980442,-17.2686882,6,control,-60
2020_03_20_0005,-282.3968506,-27.58732033,35.41115979,362.4853694,327.0742096,0.941526055,2.878631294,-18.50642586,6,control,-60
2020_03_20_0005,-290.9247437,-26.25803185,34.37315051,380.8358547,346.4627042,1.014096737,2.92700116,-18.15724754,6,control,-60
2020_03_20_0005,-283.7027283,-27.11706734,35.24816297,368.7714411,333.5232781,1.090548873,3.269783384,-24.64684486,6,control,-60
2020_03_20_0005,-291.7139587,-28.39000511,34.28015596,352.2366396,317.9564837,1.002931118,3.154303087,-23.83777428,6,control,-60
2020_03_20_0005,-305.1104736,-25.33143234,32.77501385,394.766465,361.9914512,0.864423692,2.387967145,-25.21177673,6,control,-60
2020_03_20_0005,-282.9362488,-33.18041229,35.34365089,301.3826324,266.0389815,0.879060268,3.304253623,-26.14575577,6,control,-60
2020_03_20_0005,-282.2549133,-30.82672691,35.42896696,324.3938297,288.9648627,0.960449576,3.323759046,-23.89739037,6,control,-60
2020_03_20_0005,-344.286499,-32.79972458,29.04557695,304.8806089,275.8350319,0.686243117,2.487875134,-24.12166023,6,control,-60
2020_03_20_0005,-284.2591553,-25.56166267,35.17916596,391.2108585,356.0316926,0.916606247,2.574507457,-21.16074562,6,control,-60
2020_03_20_0005,-307.733551,-31.54339218,32.49564426,317.0236081,284.5279638,0.933279932,3.280099148,-18.07208252,6,control,-60
2020_03_20_0005,-292.5599365,-32.29384232,34.18103011,309.6565563,275.4755262,1.018869281,3.698583664,-21.16074562,6,control,-60
2020_03_20_0006,-300.7391357,-34.19307709,33.25140898,292.4568612,259.2054522,0.974095404,3.758005072,-17.37607574,6,monochromator,-60
2020_03_20_0006,-369.1868896,-39.93000031,27.08655231,250.4382651,223.3517127,0.768079817,3.438880355,-18.02010155,6,monochromator,-60
2020_03_20_0006,-359.598053,-30.95151901,27.80882688,323.0859201,295.2770933,0.727382183,2.463388457,-16.50053787,6,monochromator,-60
2020_03_20_0006,-338.3410034,-35.60109711,29.55598021,280.89022,251.3342398,0.756633043,3.010465442,-16.1511631,6,monochromator,-60
2020_03_20_0006,-288.9614563,-34.74449921,34.60669159,287.8153443,253.2086527,0.992586553,3.920034101,-17.31293678,6,monochromator,-60
2020_03_20_0006,-283.8723755,-33.67820358,35.22709803,296.9279515,261.7008535,0.999934614,3.820906965,-21.18130112,6,monochromator,-60
2020_03_20_0006,-346.5112915,-29.58349037,28.85908842,338.0263747,309.1672862,0.814582765,2.634763771,-24.94864464,6,monochromator,-60
2020_03_20_0006,-351.9918213,-33.432724,28.40975101,299.1081433,270.6983923,0.823042989,3.040442841,-17.27084351,6,monochromator,-60
2020_03_20_0006,-314.5920105,-27.95983887,31.78720268,357.6558523,325.8686496,0.905874431,2.779875978,-21.58960533,6,monochromator,-60
2020_03_20_0006,-294.644043,-33.25267792,33.93925735,300.7276594,266.7884021,0.887139678,3.325255787,-20.1752739,6,monochromator,-60
2020_03_20_0006,-296.2561951,-37.10095215,33.7545684,269.5348615,235.7802931,1.105415463,4.688328481,-16.60997963,6,monochromator,-60
2020_03_20_0006,-299.2153625,-27.48686409,33.42074389,363.8101446,330.3894007,1.092951775,3.308071543,-21.58539772,6,monochromator,-60
2020_03_20_0006,-297.8936157,-29.0559845,33.56903093,344.1631792,310.5941483,1.009068251,3.248832137,-19.73329544,6,monochromator,-60
2020_03_20_0006,-301.5346985,-29.89497948,33.16367917,334.5043273,301.3406481,1.088845491,3.61333759,-18.28949928,6,monochromator,-60
2020_03_20_0006,-345.2947998,-36.58454514,28.9607605,273.3394651,244.3787046,1.035246015,4.236236607,-16.39951324,6,monochromator,-60
2020_03_20_0006,-294.054718,-37.85691071,34.00727615,264.1525633,230.1452871,0.658504903,2.861257389,-18.0790329,6,monochromator,-60
2020_03_20_0006,-293.6043396,-57.12086487,34.05944208,175.0673773,141.0079352,0.991125941,7.028866425,-14.86732101,6,monochromator,-60
2020_03_20_0006,-293.2086487,-31.72297287,34.10540598,315.228968,281.123562,0.992424011,3.530205736,-19.77959824,6,monochromator,-60
2020_03_20_0006,-298.1125183,-32.75387192,33.54438135,305.307416,271.7630347,1.22070694,4.491806405,-16.58472443,6,monochromator,-60
2020_03_20_0007,-275.5457764,-67.64824677,36.29161053,147.823491,111.5318805,0.648873329,5.817828285,240.0233154,6,control,-10
2020_03_20_0007,-314.5213928,-62.2060051,31.79433968,160.756184,128.9618443,0.692913592,5.373012426,247.01651,6,control,-10
2020_03_20_0007,-280.2403259,-57.77703476,35.68365818,173.0791489,137.3954907,0.605378449,4.406101292,243.1309509,6,control,-10
2020_03_20_0007,-284.0451965,-57.55752182,35.20566488,173.7392383,138.5335734,0.634150624,4.577595225,230.0901031,6,control,-10
2020_03_20_0007,-280.5196228,-52.18515778,35.64813007,191.6253668,155.9772367,0.688690007,4.415323807,229.3721771,6,control,-10
2020_03_20_0007,-363.4612122,-59.06908417,27.51325221,169.2932968,141.7800446,0.476269603,3.359214649,225.1555786,6,control,-10
2020_03_20_0007,-351.7259216,-53.73262787,28.43122837,186.1066618,157.6754334,0.518768787,3.290105353,215.9837494,6,control,-10
2020_03_20_0007,-332.6043396,-52.92552185,30.06575324,188.9447595,158.8790063,0.563676119,3.547832605,219.2010193,6,control,-10
2020_03_20_0007,-343.7230835,-61.84700012,29.09318716,161.6893298,132.5961426,0.560707331,4.228685085,216.0375366,6,control,-10
2020_03_20_0007,-319.5572815,-48.35646057,31.29329413,206.7976002,175.5043061,0.627494037,3.575376874,204.811203,6,control,-10
2020_03_20_0007,-300.1646729,-55.71298218,33.31504639,179.491379,146.1763326,0.598209023,4.092379476,209.9547119,6,control,-10
2020_03_20_0007,-282.7955017,-46.92418671,35.36124139,213.1097138,177.7484724,0.608564198,3.423737992,207.2339935,6,control,-10
2020_03_20_0007,-281.2913513,-54.78007126,35.5503287,182.5481379,146.9978092,0.731184185,4.974116204,208.0491791,6,control,-10
2020_03_20_0007,-286.4679565,-57.22781754,34.90791822,174.7401951,139.8322769,0.551737845,3.945711658,215.9113312,6,control,-10
2020_03_20_0007,-289.1245422,-57.95489883,34.58717106,172.5479675,137.9607964,0.548913062,3.978761183,210.9995575,6,monochromator,-10
2020_03_20_0007,-278.1547852,-48.38302612,35.95120607,206.6840543,170.7328483,0.761123359,4.457978455,194.7807617,6,monochromator,-10
2020_03_20_0007,-286.9686584,-52.44404984,34.84701101,190.6794008,155.8323898,0.646375,4.147886079,201.2753143,6,monochromator,-10
2020_03_20_0007,-272.8333435,-53.20523834,36.65241158,187.9514182,151.2990066,0.647990763,4.282848763,207.7698669,6,monochromator,-10
2020_03_20_0007,-277.3623352,-49.9808197,36.053922,200.0767506,164.0228286,0.620286822,3.781710311,201.0684052,6,monochromator,-10
2020_03_20_0007,-294.4728699,-62.1888504,33.95898578,160.8005283,126.8415425,0.654215634,5.157739498,214.5168304,6,monochromator,-10
2020_03_20_0007,-281.4610291,-55.56795502,35.52889732,179.9598347,144.4309374,0.577789962,4.000458439,198.5752869,6,monochromator,-10
2020_03_20_0007,-283.3437805,-56.57261658,35.29281632,176.7639647,141.4711484,0.639023304,4.516986758,195.8193817,6,monochromator,-10
2020_03_20_0007,-308.8440857,-55.69389725,32.37879714,179.5528863,147.1740892,0.632862389,4.300093805,188.9710388,6,monochromator,-10
2020_03_20_0007,-279.0340881,-41.82786942,35.83791524,239.0750507,203.2371354,0.595171869,2.928460232,184.3075409,6,monochromator,-10
2020_03_20_0007,-276.1933594,-44.38580704,36.20651859,225.297244,189.0907255,0.635809124,3.362455361,189.0351715,6,monochromator,-10
2020_03_20_0007,-350.2734985,-54.01280975,28.54911959,185.1412664,156.5921468,0.608465135,3.885668263,207.8174438,6,monochromator,-10
2020_03_20_0007,-329.8132629,-41.640728,30.32018758,240.1494998,209.8293122,0.585479021,2.790263261,180.0330048,6,monochromator,-10
2020_03_20_0007,-290.2417908,-49.0033226,34.45403218,204.0677952,169.613763,0.783135355,4.617168682,188.679306,6,monochromator,-10
2020_03_20_0007,-270.0464172,-60.23118591,37.03067088,166.0269485,128.9962776,0.58688283,4.549610583,206.9360657,6,monochromator,-10
2020_03_20_0007,-269.3388062,-46.89522171,37.12795844,213.2413418,176.1133833,0.604816079,3.434242575,190.7255402,6,monochromator,-10
2020_03_20_0007,-282.0610352,-51.4387207,35.45331951,194.406079,158.9527595,0.624261022,3.927336799,190.7524414,6,monochromator,-10
2020_03_20_0007,-267.5574036,-50.8275032,37.37515713,196.7438762,159.3687191,0.627918303,3.940034823,190.286911,6,monochromator,-10
2020_03_20_0007,-267.977417,-51.10574722,37.31657732,195.6727089,158.3561316,0.574097276,3.62535552,188.7537842,6,monochromator,-10
2020_03_20_0008,-312.6473083,-47.49581146,31.98492273,210.5448816,178.5599588,0.768879533,4.30600196,178.4920349,6,control,-10
2020_03_20_0008,-301.2863464,-46.31477737,33.19101618,215.9138091,182.7227929,0.774176776,4.236892202,181.5353699,6,control,-10
2020_03_20_0008,-294.5135498,-45.36806488,33.95429516,220.4193638,186.4650687,0.839844823,4.504033001,180.6219482,6,control,-10
2020_03_20_0008,-286.9241333,-43.57144928,34.8524186,229.5080876,194.655669,0.848074496,4.356793203,183.2864532,6,control,-10
2020_03_20_0008,-277.5689392,-49.05332184,36.02708584,203.8597923,167.8327064,0.721272111,4.29756587,184.5513611,6,control,-10
2020_03_20_0008,-277.2868958,-53.028965,36.06373093,188.5761866,152.5124557,0.859949708,5.63855394,191.4714813,6,control,-10
2020_03_20_0008,-285.09729,-56.10821152,35.07574554,178.2270318,143.1512863,0.772315621,5.395100815,192.3238678,6,control,-10
2020_03_20_0008,-290.638855,-46.80529022,34.40696187,213.6510628,179.2441009,0.865997314,4.831385301,191.7619171,6,control,-10
2020_03_20_0008,-271.425415,-48.68411636,36.8425337,205.4058027,168.563269,0.736578524,4.369745132,185.9762115,6,control,-10
2020_03_20_0008,-308.9725647,-46.92831802,32.36533318,213.0909528,180.7256196,0.747409165,4.135601618,185.1932831,6,control,-10
2020_03_20_0008,-276.2072144,-50.14411163,36.20470241,199.4252101,163.2205077,0.813745141,4.985556976,186.8517456,6,control,-10
2020_03_20_0008,-276.8302002,-54.32192612,36.12322641,184.0877287,147.9645023,0.767218769,5.185154253,188.085083,6,control,-10
2020_03_20_0008,-273.814209,-52.20483017,36.52111421,191.5531564,155.0320422,0.769725263,4.964943067,186.0456696,6,control,-10
2020_03_20_0008,-274.6392517,-52.60076141,36.41140128,190.1113165,153.6999152,0.819757104,5.333490932,184.6734314,6,control,-10
2020_03_20_0008,-275.0054626,-47.49969864,36.36291404,210.5276515,174.1647374,0.720538259,4.137107598,176.7388611,6,control,-10
2020_03_20_0010,-344.773468,-50.81684494,29.00455205,196.7851411,167.780589,0.596968174,3.558028837,192.0635376,6,control,-10
2020_03_20_0010,-338.3162842,-55.41693878,29.55813973,180.4502417,150.892102,0.6306144,4.179240606,189.7567139,6,control,-10
2020_03_20_0010,-330.7119141,-44.25835037,30.23779784,225.9460625,195.7082647,0.719919503,3.678533985,186.058609,6,control,-10
2020_03_20_0010,-320.7256165,-52.53150558,31.17929934,190.3619531,159.1826537,0.725006878,4.554559567,188.8897095,6,control,-10
2020_03_20_0010,-300.4948425,-45.54958725,33.27844137,219.5409575,186.2625162,0.676546574,3.632220737,191.2419128,6,control,-10
2020_03_20_0010,-296.9720154,-45.09839249,33.6732065,221.7373935,188.064187,0.746964812,3.971861014,185.1556091,6,control,-10
2020_03_20_0010,-288.0514832,-50.36925507,34.71601635,198.5338077,163.8177914,0.730104566,4.456808748,197.2311859,6,control,-10
2020_03_20_0010,-274.1323242,-55.80818558,36.4787335,179.185184,142.7064505,0.837042928,5.865487685,184.898941,6,control,-10
2020_03_20_0010,-282.9573975,-55.06349945,35.34100925,181.6085084,146.2674991,0.870520532,5.951565026,187.2542725,6,control,-10
2020_03_20_0010,-268.7346497,-50.46726608,37.21142775,198.148241,160.9368132,0.730737388,4.540523536,182.3088684,6,control,-10
2020_03_20_0010,-268.4654541,-50.83398819,37.24874038,196.7187773,159.4700369,0.622083127,3.900940513,185.5797272,6,control,-10
2020_03_20_0010,-267.1164246,-48.50271225,37.43685929,206.1740372,168.7371779,0.738417327,4.376138896,186.3058929,6,control,-10
2020_03_20_0010,-275.1511536,-54.66380692,36.3436601,182.9363991,146.592739,0.788906753,5.381622298,191.0447235,6,control,-10
2020_03_20_0010,-286.1046143,-47.10232544,34.95224999,212.3037431,177.3514931,0.923736334,5.2085061,190.5235748,6,control,-10
2020_03_20_0010,-265.7642517,-51.97658539,37.62733301,192.3943238,154.7669908,0.682067275,4.407059099,182.5123138,6,control,-10
2020_03_20_0010,-263.1757507,-50.60593414,37.99742177,197.6052842,159.6078625,0.862182498,5.401879862,185.9052429,6,control,-10
2020_03_20_0010,-264.7376099,-47.42126083,37.7732503,210.8758777,173.1026274,0.742379189,4.288665052,183.3167267,6,control,-10
2020_03_20_0010,-269.3027344,-60.0714035,37.13293154,166.4685594,129.3356278,0.742964208,5.744466708,202.4082184,6,control,-10
2020_03_20_0010,-264.6296387,-48.64185333,37.78866211,205.5842719,167.7956098,0.674773991,4.021404327,182.9645996,6,control,-10
2020_03_20_0010,-265.9160767,-51.1092453,37.60584966,195.6593165,158.0534668,0.750049651,4.745543808,184.2510376,6,control,-10
2020_03_20_0010,-272.9804993,-55.80323792,36.63265335,179.201071,142.5684177,0.789839149,5.540070946,192.0478821,6,control,-10
2020_03_20_0010,-261.1537476,-49.04100037,38.29161976,203.9110117,165.619392,0.686502993,4.145064083,192.9164581,6,control,-10
2020_03_20_0010,-274.7411194,-47.90895844,36.39790077,208.7292299,172.3313291,0.714794815,4.147793777,179.6483612,6,control,-10
2020_03_20_0010,-274.9257813,-45.56705856,36.37345306,219.4567812,183.0833281,0.855025947,4.670146408,178.0019684,6,control,-10
2020_03_20_0010,-281.2077332,-55.44295883,35.56089972,180.3655543,144.8046545,0.695853651,4.805464664,190.7536316,6,control,-10
2020_03_20_0013,-278.0678101,-48.57565689,35.96245102,205.8644317,169.9019807,0.528575838,3.111063423,-36.75148392,7,control,-70
2020_03_20_0013,-273.678833,-32.4104805,36.53917948,308.5421705,272.002991,1.565554142,5.755650466,-44.1922226,7,control,-70
2020_03_20_0013,-269.7920227,-33.55725479,37.06558815,297.9981546,260.9325664,0.760682344,2.915244942,-54.79291916,7,control,-70
2020_03_20_0013,-259.6324158,-12.79192162,38.51599181,781.7433768,743.227385,0.919642389,1.237363433,-52.50132751,7,control,-70
2020_03_20_0013,-259.7073364,-55.67760468,38.50488068,179.6054277,141.100547,0.935742378,6.631741677,-39.73110962,7,control,-70
2020_03_20_0013,-276.0592041,-16.236166,36.22411371,615.9089529,579.6848392,1.063339472,1.834340662,-61.09896088,7,control,-70
2020_03_20_0013,-255.6152039,-26.04405975,39.12130362,383.9647157,344.8434121,0.892127335,2.587050539,-37.35351181,7,control,-70
2020_03_20_0013,-253.6315613,-55.82023621,39.42726981,179.146501,139.7192312,0.933264613,6.679571634,-43.48754501,7,control,-70
2020_03_20_0013,-249.0483856,-18.07701111,40.15284008,553.1887954,513.0359553,0.967852116,1.886519074,-49.29143524,7,control,-70
2020_03_20_0013,-245.3418884,-2.824100018,40.75944823,3540.951077,3500.191629,1.111720324,0.317616988,-72.40710449,7,control,-70
2020_03_20_0013,-242.4843292,-20.9123745,41.23977839,478.1857747,436.9459963,1.080422282,2.47266777,-70.99220276,7,control,-70
2020_03_20_0013,-246.6569061,-30.85816383,40.54214478,324.0633517,283.5212069,0.983980358,3.470570573,-37.40067673,7,control,-70
2020_03_20_0013,-244.7703705,-43.70622635,40.85461807,228.8003526,187.9457345,0.329895228,1.755268503,-33.30577087,7,control,-70
2020_03_20_0013,-236.716507,-40.01099014,42.24462471,249.9313305,207.6867058,0.93568027,4.505248744,-41.60377884,7,control,-70
2020_03_20_0013,-288.2329407,-24.15898323,34.69416083,413.9247047,379.2305439,1.387316823,3.658241261,-44.77483368,7,control,-70
2020_03_20_0013,-242.478775,-25.94760895,41.24072302,385.391965,344.151242,1.065188885,3.095118526,-38.16083908,7,monochromator,-70
2020_03_20_0013,-240.2981567,-14.50400925,41.61496757,689.4645356,647.849568,1.162354469,1.794173411,-75.61977386,7,monochromator,-70
2020_03_20_0013,-237.7846222,-10.145051,42.05486422,985.7022895,943.6474253,1.062688947,1.126150423,-59.94484329,7,monochromator,-70
2020_03_20_0013,-242.0848236,-12.98759174,41.30783521,769.9656871,728.6578519,0.99391669,1.364037577,-55.64463806,7,monochromator,-70
2020_03_20_0013,-238.4615479,-21.99501038,41.93548222,454.6485693,412.7130871,1.031426311,2.499136429,-42.788414,7,monochromator,-70
2020_03_20_0013,-237.0965881,-28.39945793,42.17690385,352.1193969,309.9424931,0.865405679,2.792149183,-44.15338135,7,monochromator,-70
2020_03_20_0013,-232.0667419,-20.25322342,43.09105181,493.748565,450.6575132,1.072163463,2.37910926,-57.11780548,7,monochromator,-70
2020_03_20_0013,-231.8780823,-60.80015182,43.12611137,164.4732735,121.3471621,1.067486405,8.796962258,-43.02423096,7,monochromator,-70
2020_03_20_0013,-232.4690094,-26.37844467,43.01648648,379.0974079,336.0809214,1.102514863,3.280504166,-38.64912033,7,monochromator,-70
2020_03_20_0013,-225.6081085,-4.309013844,44.32464802,2320.71661,2276.391962,1.141269326,0.501350095,-61.13502884,7,monochromator,-70
2020_03_20_0013,-236.1616364,-21.28200912,42.34388004,469.8804489,427.5365688,1.149411082,2.688450921,-50.825634,7,monochromator,-70
2020_03_20_0013,-225.3972626,-47.526474,44.36611113,210.4090449,166.0429337,1.015320301,6.114805841,-49.38298798,7,monochromator,-70
2020_03_20_0013,-221.30513,-24.04670906,45.18648076,415.8573206,370.6708399,1.154302359,3.114090008,-83.50440979,7,monochromator,-70
2020_03_20_0013,-257.5211792,-25.98971176,38.83175757,384.7676377,345.9358802,2.513400078,7.2655085,-48.38700485,7,monochromator,-70
2020_03_20_0013,-215.1932983,-36.77678299,46.46984863,271.9106781,225.4408294,0.897168577,3.97961886,-67.88773346,7,monochromator,-70
2020_03_20_0013,-216.7885284,-21.61966133,46.12790202,462.5419356,416.4140336,1.059024453,2.543200679,-43.22121048,7,monochromator,-70
2020_03_20_0013,-218.233963,-42.71840286,45.82238192,234.0911488,188.2687669,1.129990578,6.002007643,-35.67227173,7,monochromator,-70
2020_03_20_0014,-288.8753052,-25.1249733,34.61701233,398.0103733,363.3933609,0.805602014,2.21688699,-54.99674225,7,control,-70
2020_03_20_0014,-289.725708,-26.13234711,34.51540448,382.6675024,348.1520979,0.714050949,2.050974137,-33.27229309,7,control,-70
2020_03_20_0014,-270.0072937,-59.31396103,37.03603656,168.5943718,131.5583353,0.767753184,5.835838393,-44.8120079,7,control,-70
2020_03_20_0014,-260.9985046,-19.78759575,38.31439576,505.3671061,467.0527103,0.80733943,1.728583117,-44.78759384,7,control,-70
2020_03_20_0014,-247.9003601,-13.45563221,40.33878771,743.1832146,702.8444269,0.891839504,1.2689003,-54.71191025,7,control,-70
2020_03_20_0014,-243.7459106,-38.55445099,41.02632932,259.3734249,218.3470956,0.818499625,3.748616955,-49.22281647,7,control,-70
2020_03_20_0014,-231.3069458,-20.3171463,43.23259712,492.1951071,448.96251,0.933295906,2.078783606,-46.52506256,7,control,-70
2020_03_20_0014,-228.8940125,-20.97341919,43.68834245,476.7939795,433.1056371,0.803009152,1.854072272,-46.98485947,7,control,-70
2020_03_20_0014,-231.4656372,-19.29001236,43.20295712,518.4029856,475.2000285,0.912055731,1.919309083,-51.00504303,7,control,-70
2020_03_20_0014,-242.0328522,-36.23976517,41.31670519,275.9399779,234.6232727,0.61202848,2.608558275,-42.75715637,7,control,-70
2020_03_20_0014,-230.4402466,-19.33709717,43.39519745,517.1407018,473.7455043,0.818116546,1.726911471,-48.24625397,7,control,-70
2020_03_20_0014,-228.4342194,-24.4024334,43.77627848,409.795197,366.0189185,0.777383626,2.123889193,-41.58528137,7,control,-70
2020_03_20_0014,-231.9742584,-34.59530258,43.10823135,289.0565844,245.948353,0.788842916,3.207351896,-34.38313293,7,control,-70
2020_03_20_0014,-228.5400085,-36.31417084,43.75601482,275.3745926,231.6185778,0.839458704,3.624315079,-35.74218369,7,control,-70
2020_03_20_0016,-213.7152557,-36.04925919,46.79123147,277.3982108,230.6069794,0.544645369,2.361790482,-52.03178787,7,control,-70
2020_03_20_0016,-220.464386,-35.42534256,45.35880004,282.2837911,236.9249911,0.394350022,1.664450931,-45.28265762,7,control,-70
2020_03_20_0016,-221.6633911,-24.0169239,45.11344859,416.3730559,371.2596073,0.419907898,1.131035775,-62.76041031,7,control,-70
2020_03_20_0016,-223.0468445,-29.71191025,44.83363135,336.5653678,291.7317364,0.527260542,1.807347217,-47.94921494,7,control,-70
2020_03_20_0016,-269.9110107,-28.09461403,37.04924809,355.9401097,318.8908616,0.425565183,1.334516709,-39.41514206,7,control,-70
2020_03_20_0016,-224.6636047,-22.98881912,44.51099239,434.9940702,390.4830779,0.514137447,1.316670238,-55.48773575,7,control,-70
2020_03_20_0016,-223.6653442,-61.38508606,44.70965332,162.9060191,118.1963657,0.399579793,3.380643649,-46.72037506,7,control,-70
2020_03_20_0016,-221.3053131,-49.32779694,45.18644338,202.7254534,157.53901,0.486063212,3.085351444,-43.46516418,7,control,-70
2020_03_20_0016,-221.0530396,-28.24543953,45.23801175,354.0394544,308.8014426,0.437977731,1.418315042,-48.47818756,7,control,-70
2020_03_20_0016,-223.4130554,-22.95898056,44.76014162,435.5594088,390.7992672,0.494872928,1.266309764,-51.85546494,7,control,-70
2020_03_20_0019,-298.9013367,-23.40223312,33.45585574,427.3096481,393.8537923,1.344155669,3.593566585,-18.72558403,8,control,-60
2020_03_20_0019,-289.1465759,-25.88161659,34.58453543,386.3746287,351.7900932,1.352360964,4.000738806,-13.34364033,8,control,-60
2020_03_20_0019,-279.4975891,-26.68321228,35.77848393,374.7674716,338.9889877,1.395510793,4.352240806,-16.40082359,8,control,-60
2020_03_20_0019,-274.4899902,-23.28287506,36.43120098,429.5002217,393.0690207,1.418899179,3.74513322,-16.52560616,8,control,-60
2020_03_20_0019,-266.1430969,-25.29839134,37.57377184,395.2820503,357.7082785,1.473323703,4.470413196,-13.76410484,8,control,-60
2020_03_20_0019,-255.9732819,-20.38438416,39.06657729,490.5716024,451.5050252,1.513958216,3.461759899,-20.76008987,8,control,-60
2020_03_20_0019,-255.1974487,-25.98334122,39.18534472,384.8619743,345.6766296,1.418583989,4.27841132,-16.65310097,8,control,-60
2020_03_20_0019,-248.4510345,-28.51426506,40.24937959,350.7016568,310.4522772,1.461444378,4.987242729,-14.73252964,8,control,-60
2020_03_20_0019,-238.7152557,-21.4640274,41.89091296,465.8957898,424.0048768,1.525557756,3.561416972,-18.3647995,8,control,-60
2020_03_20_0019,-238.6094666,-25.71207428,41.90948559,388.9223363,347.0128507,1.435659647,4.30555813,-15.17469501,8,control,-60
2020_03_20_0019,-236.7811279,-27.64078522,42.23309555,361.7842229,319.5511273,1.414627433,4.642015742,-12.6085062,8,control,-60
2020_03_20_0019,-232.5927582,-29.9153614,42.99359997,334.2764229,291.2828229,1.254196286,4.472637385,-12.76855373,8,control,-60
2020_03_20_0019,-228.5617218,-30.3534584,43.75185802,329.4517503,285.6998923,1.387444854,5.223213111,-9.353298187,8,control,-60
2020_03_20_0019,-225.4231567,-30.55826569,44.36101483,327.2437023,282.8826875,1.335017681,5.121504045,-12.36979103,8,monochromator,-60
2020_03_20_0019,-222.4093781,-28.66346359,44.96213284,348.876191,303.9140582,1.333584189,4.550816915,-10.37868786,8,monochromator,-60
2020_03_20_0019,-220.2663727,-25.38112831,45.39957633,393.9935167,348.5939403,1.305934072,3.977250784,-15.08517647,8,monochromator,-60
2020_03_20_0019,-218.5166931,-30.65049553,45.76309415,326.2589993,280.4959052,1.379385591,5.259847758,-12.07410908,8,monochromator,-60
2020_03_20_0019,-213.8156281,-31.82915306,46.76926608,314.1773826,267.4081166,1.418538451,5.926300138,-10.79372692,8,monochromator,-60
2020_03_20_0019,-215.4106903,-30.47417259,46.42295137,328.1467272,281.7237758,1.444056988,5.529892578,-8.344182968,8,monochromator,-60
2020_03_20_0019,-212.1581879,-30.47688484,47.1346409,328.1175242,280.9828833,1.320844293,4.914454991,-8.911131859,8,monochromator,-60
2020_03_20_0019,-204.5952606,-23.53786659,48.87698752,424.8473395,375.970352,1.378290176,3.794728685,-18.54926109,8,monochromator,-60
2020_03_20_0019,-202.8672791,-29.10698509,49.2933116,343.5601444,294.2668328,1.375809073,5.056271046,-12.34266376,8,monochromator,-60
2020_03_20_0019,-202.9703674,-31.47514915,49.26827559,317.7109646,268.442689,1.358504295,5.442507234,-9.920246124,8,monochromator,-60
2020_03_20_0019,-205.0943909,-32.14110947,48.75803749,311.1280278,262.3699903,1.494730711,6.040460372,-7.674152851,8,monochromator,-60
2020_03_20_0019,-200.8761749,-29.87602806,49.78191169,334.7165152,284.9346035,1.48806107,5.486666908,-15.06618786,8,monochromator,-60
2020_03_20_0019,-200.466568,-29.66308403,49.88362948,337.1193632,287.2357338,1.553263187,5.675636332,-18.64962959,8,monochromator,-60
2020_03_20_0019,-197.6291046,-26.08642387,50.59983457,383.3411605,332.7413259,1.504465461,4.754076113,-14.16286755,8,monochromator,-60
2020_03_20_0019,-196.7285004,-31.38427353,50.83147577,318.6309217,267.7994459,1.462266445,5.75915514,-13.84277248,8,monochromator,-60
2020_03_20_0019,-196.1724091,-31.39105606,50.97556811,318.5620764,267.5865083,1.204235911,4.607527452,-9.271917343,8,monochromator,-60
2020_03_20_0019,-197.9030914,-26.96397209,50.52978166,370.8652407,320.335459,1.570782304,5.127994213,-13.15646648,8,monochromator,-60
2020_03_20_0019,-195.8604431,-32.63210297,51.05676185,306.4466918,255.3899299,1.386487961,5.909637263,-5.677625179,8,monochromator,-60
2020_03_20_0020,-179.7341614,-44.5286293,55.63772587,224.5746199,168.936894,0.945560038,9.849144054,163.6208801,8,control,-10
2020_03_20_0020,-184.017395,-41.94828415,54.34268863,238.3887733,184.0460847,0.908852994,6.768451702,159.2371216,8,control,-10
2020_03_20_0020,-187.1212006,-51.69687271,53.44129885,193.4352984,139.9939996,0.962555707,9.674556742,163.3174896,8,control,-10
2020_03_20_0020,-182.5884399,-40.85330963,54.76797985,244.7782099,190.01023,0.815592468,6.550303811,149.2632599,8,control,-10
2020_03_20_0020,-158.6536865,-32.0598793,63.03036645,311.9163334,248.8859669,1.015590906,5.052106801,159.0198975,8,control,-10
2020_03_20_0020,-183.0462036,-41.17748642,54.63101557,242.8511517,188.2201361,0.704917729,5.881650483,149.4768829,8,control,-10
2020_03_20_0020,-183.4626923,-36.32190704,54.50699473,275.3159405,220.8089458,0.963891268,6.038503831,140.3718719,8,control,-10
2020_03_20_0020,-180.7376404,-44.59240723,55.32881794,224.2534239,168.9246059,0.948053896,9.345687135,135.6937103,8,control,-10
2020_03_20_0020,-181.8937225,-40.09640503,54.97715842,249.3989173,194.4217588,0.981783807,6.496156489,126.1075974,8,control,-10
2020_03_20_0020,-181.6890717,-34.09686661,55.03908358,293.2820812,238.2429976,1.176886559,6.654170412,133.9595795,8,control,-10
2020_03_20_0020,-184.1035614,-46.80901337,54.31725451,213.6340692,159.3168147,1.01961422,8.854055674,142.3555145,8,control,-10
2020_03_20_0020,-187.42099,-45.49699402,53.35581677,219.7947406,166.4389239,0.99039644,8.696757085,141.2784271,8,control,-10
2020_03_20_0020,-179.4684753,-36.61857986,55.72009224,273.0854128,217.3653206,0.901763856,6.508443033,129.5417175,8,control,-10
2020_03_20_0020,-179.8131561,-43.78537369,55.61328334,228.3867684,172.7734851,1.050248027,7.746272032,120.6090546,8,monochromator,-10
2020_03_20_0020,-184.0066223,-42.953228,54.34587013,232.8113734,178.4655032,1.069663525,8.458227431,132.9812317,8,monochromator,-10
2020_03_20_0020,-185.6743164,-43.48084259,53.85774508,229.9863435,176.1285984,0.925711095,6.722395485,127.2026443,8,monochromator,-10
2020_03_20_0020,-188.9037933,-46.71492004,52.93699943,214.0643715,161.1273721,0.923309803,8.902312144,154.8461761,8,monochromator,-10
2020_03_20_0020,-177.3394318,-49.37289429,56.38903824,202.5402834,146.1512451,0.807986617,8.117141372,164.8882599,8,monochromator,-10
2020_03_20_0020,-182.0534973,-60.92750931,54.92890907,164.1294731,109.200564,1.010752678,11.51314861,182.2976379,8,monochromator,-10
2020_03_20_0020,-182.0211792,-26.05909157,54.93866178,383.7432312,328.8045694,0.84581399,4.966327032,150.4049683,8,monochromator,-10
2020_03_20_0020,-184.9167633,-18.09962654,54.07838544,552.4975876,498.4192021,1.033914685,2.7992518,132.060318,8,monochromator,-10
2020_03_20_0020,-182.7230835,-37.11163712,54.72762285,269.4572586,214.7296358,0.966569483,6.680907295,129.3783569,8,monochromator,-10
2020_03_20_0020,-184.0191803,-52.69687271,54.34216142,189.7645816,135.4224201,0.93101126,11.18459014,143.7359772,8,monochromator,-10
2020_03_20_0020,-171.4746552,-32.28688049,58.31765628,309.7233256,251.4056693,0.94718951,5.487534589,136.4404907,8,monochromator,-10
2020_03_20_0020,-179.3966675,-41.2361145,55.74239556,242.5058743,186.7634787,1.032006383,7.619668496,132.6437378,8,monochromator,-10
2020_03_20_0020,-178.7073212,-26.57087898,55.95741649,376.3518703,320.3944538,0.819460452,18.07369873,142.208313,8,monochromator,-10
2020_03_20_0020,-183.5165405,-39.66244507,54.49100104,252.1276735,197.6366725,0.943037271,6.813052873,143.3554077,8,monochromator,-10
2020_03_20_0020,-183.4626923,-46.99039078,54.50699473,212.8094667,158.3024719,0.912499428,8.055523657,140.3718719,8,monochromator,-10
2020_03_20_0020,-182.3281555,-40.80951309,54.84616444,245.0409045,190.1947401,0.881578028,8.400166352,143.9980774,8,monochromator,-10
2020_03_20_0020,-183.1970062,-41.54247665,54.58604486,240.7174729,186.1314281,0.929200053,6.740628049,152.3132172,8,monochromator,-10
2020_03_20_0020,-176.0612793,-61.52017975,56.79840587,162.5482897,105.7498838,1.029068828,11.53635161,161.4128418,8,monochromator,-10
2020_03_20_0021,-182.3417206,-44.84162903,54.84208424,223.0070632,168.164979,1.110506058,7.504583878,139.6171265,8,control,-10
2020_03_20_0021,-182.6359558,-32.93276215,54.75373103,303.6489911,248.8952601,0.901177585,4.011242441,143.8175964,8,control,-10
2020_03_20_0021,-179.0270538,-38.19779205,55.85747956,261.7952364,205.9377568,1.119395852,5.949124687,131.9079132,8,control,-10
2020_03_20_0021,-181.4215088,-37.57408524,55.12025595,266.1408771,211.0206211,1.068394303,5.756989554,132.1051025,8,control,-10
2020_03_20_0021,-181.8910065,-47.93819427,54.97797936,208.6019332,153.6239538,0.957750142,7.626781767,149.0540924,8,control,-10
2020_03_20_0021,-177.9221497,-37.81480408,56.2043569,264.4466961,208.2423391,1.01678741,5.29951183,134.0989227,8,control,-10
2020_03_20_0021,-182.6985474,-40.74890518,54.73497269,245.4053662,190.6703936,0.987416446,5.670468533,143.0256958,8,control,-10
2020_03_20_0021,-189.5783081,-37.55333328,52.74865094,266.2879464,213.5392955,0.892601728,4.869062387,182.8644409,8,control,-10
2020_03_20_0021,-178.369751,-38.07428741,56.0633176,262.6444427,206.5811251,1.088739038,6.198071998,133.3258057,8,control,-10
2020_03_20_0021,-177.8157349,-44.54726791,56.2379927,224.4806577,168.242665,0.957056224,6.95975662,141.0725708,8,control,-10
2020_03_20_0021,-178.814209,-37.76088715,55.92396743,264.8242866,208.9003192,0.836975634,4.089053281,137.1882324,8,control,-10
2020_03_20_0021,-181.1429291,-48.13747025,55.2050254,207.7383782,152.5333528,0.897954941,6.690642925,148.3060303,8,control,-10
2020_03_20_0021,-185.4623413,-44.87540054,53.91930205,222.8392366,168.9199346,1.006212234,7.267814654,137.3666534,8,control,-10
